Country,Alpha-2 code,Alpha-3 code,Numeric code,Latitude (average),Longitude (average),Population (2012),GDP,Land Area (sq km),CO2 emissions (kt),1924,Men,Women,Sports,Gold,Silver,Bronze,Total M,Distance,1928,Men,Women,Sports,Gold,Silver,Bronze,Total M,Distance,1932,Men,Women,Sports,Gold,Silver,Bronze,Total M,Distance,1936,Men,Women,Sports,Gold,Silver,Bronze,Total M,Distance,1948,Men,Women,Sports,Gold,Silver,Bronze,Total M,Distance,1952,Men,Women,Sports,Gold,Silver,Bronze,Total M,Distance,1956,Men,Women,Sports,Gold,Silver,Bronze,Total M,Distance,1960,Men,Women,Sports,Gold,Silver,Bronze,Total M,Distance,1964,Men,Women,Sports,Gold,Silver,Bronze,Total M,Distance,1968,Men,Women,Sports,Gold,Silver,Bronze,Total M,Distance,1972,Men,Women,Sports,Gold,Silver,Bronze,Total M,Distance,1976,Men,Women,Sports,Gold,Silver,Bronze,Total M,Distance,1980,Men,Women,Sports,Gold,Silver,Bronze,Total M,Distance,1984,Men,Women,Sports,Gold,Silver,Bronze,Total M,Distance,1988,Men,Women,Sports,Gold,Silver,Bronze,Total M,Distance,1992,Men,Women,Sports,Gold,Silver,Bronze,Total M,Distance,1994,Men,Women,Sports,Gold,Silver,Bronze,Total M,Distance,1998,Men,Women,Sports,Gold,Silver,Bronze,Total M,Distance,2002,Men,Women,Sports,Gold,Silver,Bronze,Total M,Distance,2006,Men,Women,Sports,Gold,Silver,Bronze,Total M,Distance,2010,Men,Women,Sports,Gold,Silver,Bronze,Total M,Distance,2014,Men,Women,Sports,Gold,Silver,Bronze,Total M,Distance
Albania,AL,ALB,8,41,20,3162083,12648095824.4086,27400,4283.056,,,,,,,,,,,,,,,,,,,,,,,,,,,,,,,,,,,,,,,,,,,,,,,,,,,,,,,,,,,,,,,,,,,,,,,,,,,,,,,,,,,,,,,,,,,,,,,,,,,,,,,,,,,,,,,,,,,,,,,,,,,,,,,,,,,,,,,,,,,,,,,,,,,,,,,,,,,,,,,,,,,,,,,,,,,,1,1,0,1,0,0,0,0,707.8915735748,1,1,0,1,0,0,0,0,5813.0273754799,2,1,1,1,,,,,1021.6557957195
Algeria,DZ,DZA,12,28,3,38481705,205788796017.176,200,,,,,,,,,,,,,,,,,,,,,,,,,,,,,,,,,,,,,,,,,,,,,,,,,,,,,,,,,,,,,,,,,,,,,,,,,,,,,,,,,,,,,,,,,,,,,,,,,,,,,,,,,,,,,,,,,,,,,,,,,,,,,,,,,,,,,,,,,4,3,1,1,0,0,0,0,1236.065799151,,,,,,,,,,,,,,,,,,,,,,,,,,,,2,1,1,2,0,0,0,0,1275.0440829521,1,1,0,1,0,0,0,0,6158.2669175533,1,1,0,1,,,,,2298.4158129184
American Samoa,AS,ASM,16,-14.3333,-170,55128,333800000,,,,,,,,,,,,,,,,,,,,,,,,,,,,,,,,,,,,,,,,,,,,,,,,,,,,,,,,,,,,,,,,,,,,,,,,,,,,,,,,,,,,,,,,,,,,,,,,,,,,,,,,,,,,,,,,,,,,,,,,,,,,,,,,,,,,,,,,,,,,,,,,,,,2,2,0,1,0,0,0,0,9208.6036066417,,,,,,,,,,,,,,,,,,,,,,,,,,,,,,,,,,,,,,,,,,,,,
Andorra,AD,AND,20,42.5,1.6,78360,3712000000,470,517.047,,,,,,,,,,,,,,,,,,,,,,,,,,,,,,,,,,,,,,,,,,,,,,,,,,,,,,,,,,,,,,,,,,,,,,,,,,,,,,,,,,,,,,,,,,,,,,,,,,,,5,5,0,1,0,0,0,0,580.8954813087,3,3,0,1,0,0,0,0,3657.6002106435,2,2,0,1,0,0,0,0,848.4524660404,4,2,2,1,0,0,0,0,4912.2443894755,5,4,1,1,0,0,0,0,323.742843576,6,4,2,1,0,0,0,0,1339.2937088185,3,2,1,1,0,0,0,0,6327.4413970923,3,2,1,1,0,0,0,0,5349.6832569879,3,3,0,2,0,0,0,0,389.5982317141,6,4,2,3,0,0,0,0,5270.7681260022,7,3,4,4,,,,,1910.5025413326
Argentina,AR,ARG,32,-34,-64,41086927,475501675472.598,2736690,180511.742,,,,,,,,,,10,10,0,1,0,0,0,0,7209.420805872,,,,,,,,,,,,,,,,,,,9,9,0,2,0,0,0,0,7209.420805872,12,11,1,2,0,0,0,0,7743.8146409176,,,,,,,,,,6,5,1,2,0,0,0,0,6207.9661812025,12,11,1,3,0,0,0,0,7299.7842559755,5,2,3,1,0,0,0,0,6996.5969746294,2,2,0,1,0,0,0,0,10944.2460082291,8,8,0,2,0,0,0,0,7299.7842559755,13,13,0,3,0,0,0,0,5448.4109842152,18,13,5,3,0,0,0,0,7461.4541804516,15,10,5,4,0,0,0,0,6620.0657391716,20,15,5,5,0,0,0,0,7042.4631447065,10,4,6,2,0,0,0,0,7775.6358855533,2,1,1,2,0,0,0,0,11182.1988371929,11,8,3,5,0,0,0,0,5999.2839453049,9,5,4,5,0,0,0,0,7109.0286152666,7,4,3,3,0,0,0,0,6801.1667224192,7,4,3,2,,,,,8425.0071539791
Armenia,AM,ARM,51,40,45,2969081,9950522732.78837,28480,4220.717,,,,,,,,,,,,,,,,,,,,,,,,,,,,,,,,,,,,,,,,,,,,,,,,,,,,,,,,,,,,,,,,,,,,,,,,,,,,,,,,,,,,,,,,,,,,,,,,,,,,,,,,,,,,,,,,,,,,,,,,,,,,,,,,,,,,,,,,,,,,,,,,,2,2,0,1,0,0,0,0,2062.5145750789,7,4,3,4,0,0,0,0,4808.0810587148,9,5,4,4,0,0,0,0,6675.0454380997,5,4,1,3,0,0,0,0,1912.4068785147,4,2,2,2,0,0,0,0,6231.2055331775,4,3,1,2,,,,,367.9453460519
Australia,AU,AUS,36,-27,133,22683600,1532407884934.19,7682300,373080.58,,,,,,,,,,,,,,,,,,,,,,,,,,,,1,1,0,1,0,0,0,0,9040.1313691909,,,,,,,,,,9,7,2,4,0,0,0,0,8926.9420529286,8,7,1,3,0,0,0,0,8993.3178611707,30,26,4,6,0,0,0,0,8230.9348369028,5,3,2,1,0,0,0,0,9026.9101236428,3,3,0,3,0,0,0,0,9306.6337590886,4,4,0,2,0,0,0,0,4872.9209398508,8,5,3,3,0,0,0,0,9026.9101236428,9,5,4,4,0,0,0,0,10528.8393030429,10,8,2,5,0,0,0,0,8684.5708713187,19,17,2,6,0,0,0,0,8630.6784465436,22,15,7,9,0,0,0,0,9271.3030151289,25,18,7,9,0,0,0,0,8917.1750718486,23,15,8,8,0,0,0,0,4412.0441249566,25,13,12,5,2,0,0,0,8686.6204124446,40,23,17,10,1,0,1,2,9206.4053383343,40,20,20,11,2,1,0,3,8221.5036209356,56,,,10,,,,,7637.9245504266
Austria,AT,AUT,40,47.3333,13.3333,8462446,394707863203.908,82409,66897.081,4,2,2,1,2,1,0,3,321.8617210539,39,34,5,8,0,3,1,4,175.0092116062,7,6,1,5,1,1,0,2,3980.6761668307,60,50,10,8,1,1,2,4,105.8787177365,54,42,12,8,1,3,4,8,175.0092116062,39,31,8,7,2,4,2,8,878.4563527764,60,50,10,8,4,3,4,11,79.1676087493,26,17,9,5,1,2,3,6,5815.6639756086,83,69,14,10,4,5,3,12,91.5350554591,76,63,13,10,3,4,4,11,392.2933722473,40,29,11,8,1,2,2,5,5435.8125790146,77,63,14,10,2,2,2,6,91.5350554591,43,33,10,6,3,2,2,7,3980.6761668307,65,58,7,9,0,0,1,1,342.0913233529,81,66,15,10,3,5,2,10,4960.63662298,58,45,13,9,6,7,8,21,349.3757302083,80,65,15,10,2,3,4,9,960.7397088293,96,73,23,12,3,5,9,17,5713.6247787674,90,71,19,12,3,4,10,17,5489.315542952,73,55,18,12,9,7,7,23,280.9983849672,75,49,26,13,4,6,6,16,5276.2050537826,123,,,14,,,,,1298.8937109835
Azerbaijan,AZ,AZE,31,40.5,47.5,9297507,66604589419.4634,82658,45731.157,,,,,,,,,,,,,,,,,,,,,,,,,,,,,,,,,,,,,,,,,,,,,,,,,,,,,,,,,,,,,,,,,,,,,,,,,,,,,,,,,,,,,,,,,,,,,,,,,,,,,,,,,,,,,,,,,,,,,,,,,,,,,,,,,,,,,,,,,,,,,,,,,,,,,,,,,,4,2,2,1,0,0,0,0,4676.9003579425,4,3,1,2,0,0,0,0,6679.3701799054,2,1,1,1,0,0,0,0,2017.7618560106,2,1,1,1,0,0,0,0,6212.8069514587,4,2,2,2,,,,,452.5332589476
Belarus,BY,BLR,112,53,28,9464000,63267017440.3121,202910,62221.656,,,,,,,,,,,,,,,,,,,,,,,,,,,,,,,,,,,,,,,,,,,,,,,,,,,,,,,,,,,,,,,,,,,,,,,,,,,,,,,,,,,,,,,,,,,,,,,,,,,,,,,,,,,,,,,,,,,,,,,,,,,,,,,,,,,,,,,,,,,,,,,,,33,21,12,7,0,2,0,2,862.2854397201,59,44,15,9,0,0,2,2,4973.806850779,64,44,20,9,0,0,1,1,5534.5560024349,28,14,14,7,0,1,0,1,1024.2552250545,47,33,14,6,1,1,1,3,5175.5792393079,25,,,5,,,,,842.9343732322
Belgium,BE,BEL,56,50.8333,4,11142157,483261763949.601,30280,108946.57,18,17,1,4,0,0,1,1,364.0606731685,25,24,1,3,0,0,1,1,400.5975258593,5,4,1,2,0,0,0,0,3494.3322532579,27,24,3,5,0,0,0,0,394.2106089005,11,10,1,4,1,1,0,2,400.5975258593,9,9,0,3,0,0,0,0,682.8865646783,4,4,0,3,0,0,0,0,475.1119863924,,,,,,,,,,8,7,1,3,0,0,0,0,415.2586573392,,,,,,,,,,1,1,0,1,0,0,0,0,5464.5119680427,4,3,1,2,0,0,0,0,415.2586573392,2,2,0,1,0,0,0,0,3494.3322532579,4,2,2,2,0,0,0,0,825.6732920411,1,0,1,1,0,0,0,0,4521.833059656,5,4,1,1,0,0,0,0,373.0681671024,5,2,3,2,0,0,0,0,753.1906395023,1,1,0,1,0,0,0,0,5787.7695405858,6,6,0,3,0,0,0,0,5026.5552594048,4,4,0,3,0,0,0,0,370.5219049268,8,4,4,4,0,0,0,0,4853.4083179709,13,,,6,,,,,1731.6991740557
Bermuda,BM,BMU,60,32.3333,-64.75,64806,5473536000,50,476.71,,,,,,,,,,,,,,,,,,,,,,,,,,,,,,,,,,,,,,,,,,,,,,,,,,,,,,,,,,,,,,,,,,,,,,,,,,,,,,,,,,,,,,,,,,,,,,,,,,,,,,,,,,,,,,,,,,,,,,,,,,,,,,,,,,,,,,,,1,1,0,1,0,0,0,0,3802.9394444224,1,1,0,1,0,0,0,0,3806.5012628,1,1,0,1,0,0,0,0,7450.9152704329,1,1,0,1,0,0,0,0,2648.9983781125,1,1,0,1,0,0,0,0,3858.2728118533,1,1,0,1,0,0,0,0,3180.4543494359,1,1,0,1,,,,,5360.346998338
Bolivia,BO,BOL,68,-17,-65,10496285,27035110130.246,1083300,15456.405,,,,,,,,,,,,,,,,,,,,,,,,,,,,,,,,,,,,,,,,,,,,,,,,,,,,,,,1,1,0,1,0,0,0,0,6482.3426682694,,,,,,,,,,,,,,,,,,,,,,,,,,,,,,,,,,,,,,,,,,,,,,3,3,0,1,0,0,0,0,4274.669905171,3,3,0,1,0,0,0,0,6709.3583908791,6,6,0,1,0,0,0,0,5559.3289022823,5,5,0,1,0,0,0,0,6205.9621650426,,,,,,,,,,,,,,,,,,,,,,,,,,,,,,,,,,,,,,,,,,,,,,,,,,,,,,
Bosnia,BA,BIH,70,44,18,3833916,17465958605.6645,51000,31125.496,,,,,,,,,,,,,,,,,,,,,,,,,,,,,,,,,,,,,,,,,,,,,,,,,,,,,,,,,,,,,,,,,,,,,,,,,,,,,,,,,,,,,,,,,,,,,,,,,,,,,,,,,,,,,,,,,,,,,,,,,,,,,,,,,,,,,,,,,,,,,,,,,10,8,2,4,0,0,0,0,1224.2641338949,8,7,1,3,0,0,0,0,5728.3981191562,2,2,0,1,0,0,0,0,5809.1899294743,6,3,3,3,0,0,0,0,522.6708030688,5,2,3,3,0,0,0,0,5582.1376880626,5,3,2,2,,,,,1081.1550655431
Brazil,BR,BRA,76,-10,-55,198656019,2252664120777.39,8459420,419754.156,,,,,,,,,,,,,,,,,,,,,,,,,,,,,,,,,,,,,,,,,,,,,,,,,,,,,,,,,,,,,,,,,,,,,,,,,,,,,,,,,,,,,,,,,,,,,,,,,,,,,,,,,,,,,,,,,,,,,,,,,,,,,,,,,,,,,,,,7,6,1,1,0,0,0,0,5403.2110715938,1,1,0,1,0,0,0,0,6041.1415521459,1,1,0,1,0,0,0,0,10426.3515542502,10,8,2,4,0,0,0,0,5038.8723580194,9,6,3,4,0,0,0,0,5471.4530064469,5,2,3,3,0,0,0,0,5792.4126972824,10,,,5,,,,,6932.4548970652
British Virgin Islands,VG,VGB,92,18.5,-64.5,27800,839700000,,,,,,,,,,,,,,,,,,,,,,,,,,,,,,,,,,,,,,,,,,,,,,,,,,,,,,,,,,,,,,,,,,,,,,,,,,,,,,,,,,,,,,,,,,,,,,,,,,,,,,,,,,,,,,,,,,,,,,,,1,1,0,1,0,0,0,0,4994.8404825432,,,,,,,,,,,,,,,,,,,,,,,,,,,,,,,,,,,,,,,,,,,,,,,,,,,,,,,,,,,,,,,,1,1,0,1,,,,,6023.7171921143
Bulgaria,BG,BGR,100,43,25,7304632,50972109856.598,108560,44678.728,,,,,,,,,,,,,,,,,,,,,,,,,,,,7,7,0,2,0,0,0,0,743.9496805132,4,4,0,3,0,0,0,0,781.5002674386,10,10,0,2,0,0,0,0,1316.28346667,7,6,1,2,0,0,0,0,676.1416686831,7,4,3,2,0,0,0,0,6360.182868036,7,3,4,2,0,0,0,0,725.3646957766,6,2,4,2,0,0,0,0,966.6801448234,4,4,0,2,0,0,0,0,5308.5550843745,29,29,0,4,0,0,0,0,725.3646957766,8,8,0,3,0,0,1,1,4615.9625258029,16,15,1,5,0,0,0,0,338.5858018868,26,24,2,7,0,0,0,0,5492.7488762218,30,22,8,7,0,0,0,0,936.1763913187,17,10,7,7,0,0,0,0,1390.6376491208,19,8,11,6,1,0,0,1,5521.5436380527,23,13,10,7,0,1,2,3,6060.4825825176,21,11,10,8,0,1,0,1,876.5808430865,19,12,7,6,0,0,0,0,5779.9086161665,16,,,6,,,,,740.8413476735
Cameroon,CM,CMR,120,6,12,21699631,25321590401.7168,472710,7234.991,,,,,,,,,,,,,,,,,,,,,,,,,,,,,,,,,,,,,,,,,,,,,,,,,,,,,,,,,,,,,,,,,,,,,,,,,,,,,,,,,,,,,,,,,,,,,,,,,,,,,,,,,,,,,,,,,,,,,,,,,,,,,,,,,,,,,,,,,,,,,,,,,,,,,,,,,,,,,,,,,,,1,1,0,1,0,0,0,0,7645.8741716522,,,,,,,,,,,,,,,,,,,,,,,,,,,
Canada,CA,CAN,124,60,-95,34880491,1821424139311.45,9093510,499137.372,12,11,1,3,1,0,0,1,3912.2461783904,23,20,3,6,1,0,0,1,3962.0434307683,42,38,4,6,1,1,5,7,1392.7556859793,29,22,7,7,0,1,0,1,3939.2250351796,28,24,4,7,2,0,1,3,3962.0434307683,39,31,8,6,1,0,1,2,3251.0636920528,35,27,8,7,0,1,2,3,4022.3357871539,44,34,10,7,2,1,1,4,1807.4380759552,55,43,12,8,1,1,1,3,3960.4856856789,70,55,15,9,1,1,1,3,3920.1153573757,47,29,18,7,0,1,0,1,4639.509146955,59,38,21,8,1,1,1,3,3960.4856856789,59,41,18,8,0,1,1,2,1392.7556859793,67,47,20,8,2,1,1,4,4342.0635462565,113,83,30,11,0,2,3,5,963.1813088714,108,79,29,11,2,3,2,7,3912.5708611121,95,66,29,10,3,6,4,13,3182.8757616373,144,81,63,12,6,5,4,15,5113.0457007274,150,85,65,13,7,3,7,17,1514.7809925492,191,108,83,15,7,10,7,24,3927.5002517463,201,113,88,15,14,7,5,26,1332.1219048906,222,,,14,,,,,4838.4134679454
Cayman Islands,KY,CYM,136,19.5,-80.5,57570,1012000000,240,590.387,,,,,,,,,,,,,,,,,,,,,,,,,,,,,,,,,,,,,,,,,,,,,,,,,,,,,,,,,,,,,,,,,,,,,,,,,,,,,,,,,,,,,,,,,,,,,,,,,,,,,,,,,,,,,,,,,,,,,,,,,,,,,,,,,,,,,,,,,,,,,,,,,,,,,,,,,,,,,,,,,,,,,,,,,,,,,,,,,,,,,1,1,0,1,0,0,0,0,3118.1945570545,1,1,0,1,,,,,6672.6041141162
Chile,CL,CHL,152,-30,-71,17464814,269869337788.189,743532,72258.235,,,,,,,,,,,,,,,,,,,,,,,,,,,,,,,,,,,,,4,4,0,1,0,0,0,0,7295.4529276635,3,3,0,1,0,0,0,0,7725.5939564105,3,3,0,1,0,0,0,0,7394.2179489815,5,5,0,1,0,0,0,0,5737.0901468531,5,5,0,1,0,0,0,0,7384.7364263127,4,3,1,1,0,0,0,0,7078.7486703332,11,9,2,5,0,0,0,0,10449.590991461,5,5,0,1,0,0,0,0,7384.7364263127,,,,,,,,,,4,4,0,1,0,0,0,0,7593.3488049491,5,5,0,1,0,0,0,0,6186.7359038484,5,5,0,1,0,0,0,0,7123.4368746365,3,3,0,1,0,0,0,0,7746.9423171641,3,3,0,1,0,0,0,0,10704.1622032553,6,4,2,2,0,0,0,0,5546.7209969282,9,5,4,2,0,0,0,0,7191.4720934796,3,2,1,1,0,0,0,0,6346.8077734388,5,3,2,3,,,,,8608.220258585
China,CN,CHN,156,35,105,1350695000,8227102629831.48,9327489.9,8286891.952,,,,,,,,,,,,,,,,,,,,,,,,,,,,,,,,,,,,,,,,,,,,,,,,,,,,,,,,,,,,,,,,,,,,,,,,,,,,,,,,,,,,,,,,,,,,,,,,,,,,,,,,,,,,,24,13,11,5,0,0,0,0,6962.2667166736,37,21,16,5,0,0,0,0,4452.8258099674,13,6,7,3,0,0,0,0,6038.6584302966,32,12,20,6,0,3,0,3,4912.0879823952,24,7,17,5,0,1,2,3,4280.273457465,57,15,42,7,0,6,2,8,1854.4146336868,66,21,45,7,2,2,4,8,6706.1895494385,73,35,38,9,2,4,5,11,4844.2333009165,86,30,56,10,5,2,4,11,5914.9365033105,66,,,8,,,,,3452.5458366818
Chinese Taipei,TW,TWN,158,23.5,121,23268087,474000000000,,,,,,,,,,,,,,,,,,,,,,,,,,,,,,,,,,,,,,,,,,,,,,,,,,,,,,,,,,,,,,,,,,,,,,,,,,,,,,,,,,,,,,,,,,,,,5,5,0,2,0,0,0,0,1782.5435318468,6,6,0,4,0,0,0,0,5888.9455511543,,,,,,,,,,12,10,2,5,0,0,0,0,5699.6758195622,13,11,2,4,0,0,0,0,6301.2015993829,8,8,0,3,0,0,0,0,6148.7756719726,2,2,0,1,0,0,0,0,5450.0453391855,7,6,1,3,0,0,0,0,1367.4729628746,6,6,0,2,0,0,0,0,6854.1764621024,1,1,0,1,0,0,0,0,6081.3481754521,1,1,0,1,0,0,0,0,6061.0630953886,2,2,0,2,,,,,4696.6709147831
Colombia,CO,COL,170,4,-72,47704427,369606330701.98,1109500,75679.546,,,,,,,,,,,,,,,,,,,,,,,,,,,,,,,,,,,,,,,,,,,,,,,,,,,,,,,,,,,,,,,,,,,,,,,,,,,,,,,,,,,,,,,,,,,,,,,,,,,,,,,,,,,,,,,,,,,,,,,,,,,,,,,,,,,,,,,,,,,,,,,,,,,,,,,,,,,,,,,,,,,,,,,,,,,,,,,,,,,,,1,0,1,1,0,0,0,0,4320.7497338292,,,,,,,,,
Costa Rica,CR,CRI,188,10,-84,4805295,45103963693.4823,51060,7770.373,,,,,,,,,,,,,,,,,,,,,,,,,,,,,,,,,,,,,,,,,,,,,,,,,,,,,,,,,,,,,,,,,,,,,,,,,,,,,,,,,,,,,,,,,,,,,,,,,,,,,,,,,,,,,1,1,0,1,0,0,0,0,2444.7573819903,3,3,0,3,0,0,0,0,6347.4684934644,2,2,0,2,0,0,0,0,3309.2735586436,4,4,0,1,0,0,0,0,5747.4264410354,,,,,,,,,,,,,,,,,,,1,1,0,1,0,0,0,0,2723.4630196774,1,1,0,1,0,0,0,0,5806.119334572,,,,,,,,,,,,,,,,,,
Croatia,HR,HRV,191,45.1667,15.5,4267000,59228247410.9818,,,,,,,,,,,,,,,,,,,,,,,,,,,,,,,,,,,,,,,,,,,,,,,,,,,,,,,,,,,,,,,,,,,,,,,,,,,,,,,,,,,,,,,,,,,,,,,,,,,,,,,,,,,,,,,,,,,,,,,,,,,,,,,,,,,,,,,,,,4,3,1,3,0,0,0,0,443.0468022732,3,3,0,2,0,0,0,0,1122.586855831,6,4,2,3,0,0,0,0,5754.9012791708,13,8,5,5,3,1,0,4,5671.0573513152,23,16,7,6,1,2,0,3,382.1043598775,19,12,7,4,0,2,1,3,5456.5998187184,10,,,2,,,,,1197.2713780697
Cyprus,CY,CYP,196,35,33,1128994,22766912960,9240,7708.034,,,,,,,,,,,,,,,,,,,,,,,,,,,,,,,,,,,,,,,,,,,,,,,,,,,,,,,,,,,,,,,,,,,,,,,,,,,,,,,,,,,,,,,,,,,,,,,,,,,,,,,,,,,,,3,2,1,1,0,0,0,0,5305.9730715554,5,4,1,1,0,0,0,0,990.2675426636,3,2,1,1,0,0,0,0,6167.0031534765,4,3,1,1,0,0,0,0,1574.0255619322,1,0,1,1,0,0,0,0,2062.1640843791,1,1,0,1,0,0,0,0,5544.9298732526,1,1,0,1,0,0,0,0,6751.1025548666,1,1,0,1,0,0,0,0,1524.0164411264,2,1,1,1,0,0,0,0,6437.2664508335,2,1,1,1,,,,,693.3705447308
Czech Republic,CZ,CZE,203,49.75,15.5,10514810,196446226535.564,77240,111751.825,,,,,,,,,,,,,,,,,,,,,,,,,,,,,,,,,,,,,,,,,,,,,,,,,,,,,,,,,,,,,,,,,,,,,,,,,,,,,,,,,,,,,,,,,,,,,,,,,,,,,,,,,,,,,,,,,,,,,,,,,,,,,,,,,,,,,,,,,,,,,,,,,63,47,16,7,0,0,0,0,810.8413576677,61,48,13,9,1,1,1,3,5523.4348794758,76,57,19,13,1,2,0,3,5420.2138124085,83,63,20,13,1,2,1,4,441.7801831958,90,68,22,13,2,0,4,6,5172.5905269073,83,,,13,,,,,1218.9675696265
Czechoslovakia,CS,CSK,200,49.75,15.5,15600000,56000000000,,,27,27,0,6,0,0,0,0,479.5215808699,25,24,1,5,0,0,1,1,344.5939488532,6,6,0,4,0,0,0,0,3976.1920474917,44,39,5,8,0,0,0,0,254.7371977952,47,41,6,8,0,1,0,1,344.5939488532,22,22,0,3,0,0,0,0,729.5884664349,41,35,6,7,0,0,0,0,271.1822542091,21,20,1,4,0,1,0,1,5731.653219953,46,36,10,8,0,0,1,1,254.9277647959,48,41,7,8,1,2,1,4,554.0002987164,41,37,4,6,1,0,2,3,5242.6422483169,58,47,11,9,0,1,0,1,254.9277647959,41,34,7,7,0,0,1,1,3976.1920474917,50,38,12,8,0,2,4,6,429.7713922002,59,49,10,9,0,1,2,3,4869.5211887893,74,55,19,10,0,0,3,3,508.1110538936,,,,,,,,,,,,,,,,,,,,,,,,,,,,,,,,,,,,,,,,,,,,,,,,,,,,,,
Denmark ,DK,DNK,208,56,10,5590478,314887354337.505,42430,46303.209,,,,,,,,,,,,,,,,,,,,,,,,,,,,,,,,,,,,,2,2,0,2,0,0,0,0,656.7977686767,1,1,0,1,0,0,0,0,274.4493213604,,,,,,,,,,1,1,0,1,0,0,0,0,5246.7157089121,2,2,0,2,0,0,0,0,606.6329141488,3,2,1,1,0,0,0,0,769.4881935476,,,,,,,,,,,,,,,,,,,,,,,,,,,,,,,,,,,,,1,1,0,1,0,0,0,0,4382.7086585026,6,4,2,3,0,0,0,0,730.5822510604,4,4,0,3,0,0,0,0,354.9902691673,12,5,7,6,0,1,0,1,5354.3571409485,11,5,6,2,0,0,0,0,4942.5434766439,4,0,4,1,0,0,0,0,693.8540284145,17,9,8,7,0,0,0,0,4683.7538394137,12,,,3,,,,,1561.1062924897
Dominica,DM,DMA,212,15.4167,-61.3333,71684,479688889,750,135.679,,,,,,,,,,,,,,,,,,,,,,,,,,,,,,,,,,,,,,,,,,,,,,,,,,,,,,,,,,,,,,,,,,,,,,,,,,,,,,,,,,,,,,,,,,,,,,,,,,,,,,,,,,,,,,,,,,,,,,,,,,,,,,,,,,,,,,,,,,,,,,,,,,,,,,,,,,,,,,,,,,,,,,,,,,,,,,,,,,,,,,,,,,,,,,2,1,1,1,,,,,6026.1839286925
East Germany,DE,DEU,278,51,9,16666,,,,,,,,,,,,,,,,,,,,,,,,,,,,,,,,,,,,,,,,,,,,,,,,,,,,,,,,,,,,,,,,,,,,,,,,,,,,,,,,,,,,,57,45,12,9,1,2,2,5,428.4625502438,42,29,13,7,4,3,7,14,5339.4369065139,59,40,19,8,7,5,7,19,279.6640574262,53,36,17,8,9,7,7,23,3684.6442041517,56,40,16,8,9,9,6,24,659.277422587,53,36,17,8,9,10,6,25,4641.35350663,,,,,,,,,,,,,,,,,,,,,,,,,,,,,,,,,,,,,,,,,,,,,,,,,,,,,,,,,,,,,,,
Egypt,EG,EGY,818,27,30,80721874,262831912586.538,995450,204776.281,,,,,,,,,,,,,,,,,,,,,,,,,,,,,,,,,,,,,,,,,,,,,,,,,,,,,,,,,,,,,,,,,,,,,,,,,,,,,,,,,,,,,,,,,,,,,,,,,,,,,,,,,,,,,,,,,,,,,,1,1,0,1,0,0,0,0,1333.5972793908,,,,,,,,,,,,,,,,,,,,,,,,,,,,,,,,,,,,,,,,,,,,,,,,,,,,,,,,,,,,,,,,,,,,,,,,
Estonia,EE,EST,233,59,26,1339396,22390242608.6398,42390,18338.667,,,,,,,,,,2,2,0,1,0,0,0,0,1091.4433304701,,,,,,,,,,5,3,2,4,0,0,0,0,1001.6081131492,,,,,,,,,,,,,,,,,,,,,,,,,,,,,,,,,,,,,,,,,,,,,,,,,,,,,,,,,,,,,,,,,,,,,,,,,,,,,,,,,,,,,,,,,,,,,,,,,,,,19,14,5,4,0,0,0,0,1229.3851146621,26,17,9,6,0,0,0,0,555.3766368523,20,15,5,5,0,0,0,0,4782.6710605665,17,14,3,5,1,1,1,3,5138.6018858633,26,17,9,6,3,0,0,3,1171.8060196802,30,18,12,4,0,1,0,1,4759.4704661955,23,,,6,,,,,1214.2252502025
Ethiopia,ET,ETH,231,8,38,91728849,41605361646.0594,1000000,6494.257,,,,,,,,,,,,,,,,,,,,,,,,,,,,,,,,,,,,,,,,,,,,,,,,,,,,,,,,,,,,,,,,,,,,,,,,,,,,,,,,,,,,,,,,,,,,,,,,,,,,,,,,,,,,,,,,,,,,,,,,,,,,,,,,,,,,,,,,,,,,,,,,,,,,,,,,,,,,,,,,,,,,,,,,,,,,1,1,0,1,0,0,0,0,3186.8149387628,1,1,0,1,0,0,0,0,8323.9648578934,,,,,,,,,
Fiji,FJ,FJI,242,-18,175,874742,3907563304.51103,18270,1290.784,,,,,,,,,,,,,,,,,,,,,,,,,,,,,,,,,,,,,,,,,,,,,,,,,,,,,,,,,,,,,,,,,,,,,,,,,,,,,,,,,,,,,,,,,,,,,,,,,,,,,,,,,,,,,,,,,,,,,,,,,,,,,,,1,1,0,1,0,0,0,0,6400.2858634289,,,,,,,,,,1,1,0,1,0,0,0,0,9367.4390159707,,,,,,,,,,1,1,0,1,0,0,0,0,6192.0881797806,,,,,,,,,,,,,,,,,,,,,,,,,,,
Finland,FI,FIN,246,64,26,5414293,247545641553.098,303890,61843.955,17,16,1,6,4,3,3,10,1449.3450532317,18,17,1,5,2,1,1,4,1358.2190018533,7,7,0,3,1,1,1,3,3804.3219613918,19,19,0,5,1,2,3,6,1272.4960510688,24,24,0,5,1,3,2,6,1358.2190018533,50,45,5,7,3,4,2,9,566.975517751,31,27,4,6,3,3,1,7,1318.5691006418,48,42,6,6,2,3,3,8,5075.6564189849,51,45,6,7,3,4,3,10,1282.6390968137,52,44,8,7,1,2,2,5,1517.5121846125,50,43,7,6,0,4,1,5,4254.0567738371,47,38,9,8,2,4,1,7,1282.6390968137,52,44,8,7,1,5,3,9,3804.3219613918,45,40,5,6,4,3,6,13,1425.1315909527,53,46,7,7,4,1,2,7,4204.0885744184,62,49,13,8,3,1,3,7,1474.1885659241,61,47,14,8,0,1,5,6,532.3823364484,85,51,34,10,2,4,6,12,4576.8504400631,98,62,36,11,4,2,1,7,4846.2898589755,90,59,31,11,0,6,3,9,1424.4243947695,91,58,33,10,0,1,4,5,4437.7444222019,110,63,35,10,,,,,1510.8603700548
France,FR,FRA,250,46,2,65696689,2612878387760.35,547660,361272.84,43,41,2,9,0,0,2,2,234.0462256189,38,36,2,8,1,0,0,1,375.9141190156,8,7,1,3,1,0,0,1,3559.4045317404,28,28,0,4,0,0,1,1,442.2963836998,36,28,8,7,2,1,2,5,375.9141190156,26,20,6,5,0,0,1,1,1028.8117645792,32,25,7,6,0,0,0,0,485.3505612131,26,18,8,6,1,0,2,3,5556.8651051601,24,15,9,5,3,4,0,7,453.6620945131,75,64,11,10,4,3,2,9,188.3223269321,40,33,7,9,0,1,2,3,5800.6023149534,35,29,6,8,0,0,1,1,453.6620945131,22,16,6,6,0,0,1,1,3559.4045317404,32,22,10,7,0,1,2,3,812.8178365804,68,53,15,9,1,0,1,2,4731.1645054988,109,79,30,12,3,5,1,9,212.7464826247,98,68,30,10,0,1,4,5,1099.6560516781,106,75,31,12,2,1,5,8,6114.9797578163,114,87,27,15,4,5,2,11,5194.4804228272,82,50,32,10,3,2,4,9,273.549042856,104,67,37,13,2,3,6,11,5080.4200333062,105,,,12,,,,,1840.7131983548
Georgia,GE,GEO,268,42,43.5,4511800,15747288816.1881,69490,6241.234,,,,,,,,,,,,,,,,,,,,,,,,,,,,,,,,,,,,,,,,,,,,,,,,,,,,,,,,,,,,,,,,,,,,,,,,,,,,,,,,,,,,,,,,,,,,,,,,,,,,,,,,,,,,,,,,,,,,,,,,,,,,,,,,,,,,,,,,,,,,,,,,,5,5,0,3,0,0,0,0,1904.1447769425,4,3,1,2,0,0,0,0,4803.1598298596,4,3,1,3,0,0,0,0,6519.406920496,3,2,1,2,0,0,0,0,1785.9268760816,6,3,3,2,0,0,0,0,6083.1770193138,4,2,2,3,,,,,220.8243504298
Germany,DE,DEU,276,51,9,81889839,3428130624839.29,348570,745383.756,,,,,,,,,,44,39,5,7,0,0,1,1,313.4006407442,20,20,0,3,0,0,2,2,3684.6442041517,55,48,7,8,3,3,0,6,259.5581807034,,,,,,,,,,53,41,12,8,3,2,2,7,622.4669265951,63,52,11,8,1,0,1,2,340.1251034898,74,56,18,8,4,3,1,8,5495.5779745174,96,73,23,10,3,2,2,7,279.6640574262,,,,,,,,,,,,,,,,,,,,,,,,,,,,,,,,,,,,,,,,,,,,,,,,,,,,,,,111,75,36,11,10,10,6,26,386.9525118775,112,79,33,11,9,7,8,24,702.4475455997,125,78,47,14,12,9,8,29,5646.9546473927,157,88,69,14,12,16,8,36,5169.5163947047,155,94,61,15,11,12,6,29,346.1892434384,149,93,56,15,10,13,7,30,4959.5603871723,169,,,15,,,,,1515.7701826417
Ghana,GH,GHA,288,8,-2,25366462,40710781538.5757,227540,8998.818,,,,,,,,,,,,,,,,,,,,,,,,,,,,,,,,,,,,,,,,,,,,,,,,,,,,,,,,,,,,,,,,,,,,,,,,,,,,,,,,,,,,,,,,,,,,,,,,,,,,,,,,,,,,,,,,,,,,,,,,,,,,,,,,,,,,,,,,,,,,,,,,,,,,,,,,,,,,,,,,,,,,,,,,,,,,,,,,,,,,,1,1,0,1,0,0,0,0,7134.9096685547,,,,,,,,,
Great Britain,GB,GBR,826,54,-2,63227526,2471783570300.16,241930,493504.86,44,43,1,6,1,1,2,4,682.5310068433,32,30,2,5,0,0,1,1,734.7182779273,4,0,4,1,0,0,0,0,3178.1350972278,38,28,10,6,1,1,1,3,725.6961543929,55,43,12,6,0,0,2,2,734.7182779273,18,8,10,3,1,0,0,1,630.5749056234,41,31,10,5,0,0,0,0,807.7170395739,17,11,6,5,0,0,0,0,5033.8647463821,36,27,9,7,1,0,0,1,746.976515356,38,28,10,7,0,0,0,0,698.9334318958,37,30,7,7,0,0,0,0,5392.2974252758,42,31,11,7,1,0,0,0,746.976515356,48,36,12,7,1,0,0,1,3178.1350972278,50,37,13,7,1,0,0,1,1153.8792891403,48,34,14,8,0,0,0,0,4191.9459755372,49,39,10,9,0,0,0,0,685.3567010174,32,25,7,8,0,0,2,2,672.7288329665,34,27,7,7,0,0,1,1,5743.7119873884,49,31,18,11,1,0,1,2,4692.2772733743,39,23,16,9,0,1,0,1,696.0696678407,52,28,24,11,1,0,0,1,4528.1569783185,62,,,13,,,,,1997.2034201961
Greece,GR,GRC,300,39,22,11280167,249098684277.449,128900,86717.216,,,,,,,,,,,,,,,,,,,,,,,,,,,,1,1,0,2,0,0,0,0,803.1298250436,1,1,0,1,0,0,0,0,804.8115021161,3,3,0,1,0,0,0,0,1529.0218287638,3,3,0,1,0,0,0,0,721.3923909585,,,,,,,,,,3,3,0,1,0,0,0,0,781.8571821212,3,3,0,2,0,0,0,0,936.1728753928,3,3,0,1,0,0,0,0,5619.7072868895,4,4,0,2,0,0,0,0,781.8571821212,3,3,0,1,0,0,0,0,4671.9313956072,6,6,0,2,0,0,0,0,384.588313289,6,5,1,2,0,0,0,0,5675.1822884256,8,7,1,3,0,0,0,0,919.1271142867,9,7,2,5,0,0,0,0,1608.1413025839,13,10,3,6,0,0,0,0,5823.8322822245,10,6,4,5,0,0,0,0,6211.2838556895,5,3,2,3,0,0,0,0,875.0527231999,7,4,3,3,0,0,0,0,5981.3572682735,6,4,2,3,,,,,971.2056516103
Guam,GU,GUM,316,13.4667,144.7833,15082831,2773000000,540,,,,,,,,,,,,,,,,,,,,,,,,,,,,,,,,,,,,,,,,,,,,,,,,,,,,,,,,,,,,,,,,,,,,,,,,,,,,,,,,,,,,,,,,,,,,,,,,,,,,,,,,,,,,,,,,,,,,,,,,,,,,,,,,,,,,,,,,,,,,,,,,,,,,,,,,,,,1,1,0,1,0,0,0,0,1652.8635136793,,,,,,,,,,,,,,,,,,,,,,,,,,,,,,,,,,,,
Guatemala,GT,GTM,320,15.5,-90.25,162810,50233749190.986,107160,11118.344,,,,,,,,,,,,,,,,,,,,,,,,,,,,,,,,,,,,,,,,,,,,,,,,,,,,,,,,,,,,,,,,,,,,,,,,,,,,,,,,,,,,,,,,,,,,,,,,,,,,,,,,,,,,,,,,,,,,,,,,,,,,,,,,,,,,,,,,,,,,,,,,,,,,,,,,,,6,5,1,2,0,0,0,0,7653.5365626489,,,,,,,,,,,,,,,,,,,,,,,,,,,,,,,,,,,,
Honduras,HN,HND,340,15,-86.5,7935846,18434022403.2587,111890,8107.737,,,,,,,,,,,,,,,,,,,,,,,,,,,,,,,,,,,,,,,,,,,,,,,,,,,,,,,,,,,,,,,,,,,,,,,,,,,,,,,,,,,,,,,,,,,,,,,,,,,,,,,,,,,,,,,,,,,,,,,,,,,,,,,,,,,,,,,,1,1,0,1,0,0,0,0,5621.135587192,,,,,,,,,,,,,,,,,,,,,,,,,,,,,,,,,,,,,,,,,,,,,,,,,,,,,,
Hong Kong,HK,HKG,344,22.25,114.1667,7154600,263259372904.956,1042,36288.632,,,,,,,,,,,,,,,,,,,,,,,,,,,,,,,,,,,,,,,,,,,,,,,,,,,,,,,,,,,,,,,,,,,,,,,,,,,,,,,,,,,,,,,,,,,,,,,,,,,,,,,,,,,,,,,,,,,,,,,,,,,,,,,,,,,,,,,,,,,,,,,,,,,,,,,,,,,,,,,,,,,2,0,2,1,0,0,0,0,7179.7229140229,1,0,1,1,0,0,0,0,5862.3345057943,1,0,1,1,0,0,0,0,6379.7472999402,1,1,0,1,,,,,4413.6898882947
Hungary,HU,HUN,348,47,20,9943755,124600486886.062,90530,50582.598,4,4,0,2,0,0,0,0,628.9435402164,13,13,0,4,0,0,0,0,482.4778819805,4,2,2,1,0,0,0,0,4253.6011265834,25,22,3,5,0,0,1,1,419.627840291,22,17,5,5,0,1,0,1,482.4778819805,12,8,4,4,0,0,1,1,970.6450803079,2,1,1,1,0,0,1,1,373.7531622624,3,2,1,3,0,0,0,0,6001.4650130728,28,22,6,6,0,0,0,0,405.4596805977,10,8,2,4,0,0,0,0,694.6246709725,1,0,1,1,0,0,0,0,5261.1475509185,3,2,1,1,0,0,0,0,405.4596805977,2,1,1,1,0,1,0,1,4253.6011265834,9,7,2,4,0,0,0,0,232.051894811,5,3,2,3,0,0,0,0,5136.5938364401,24,13,11,6,0,0,0,0,654.9912638269,16,5,11,5,0,0,0,0,1048.5812247867,17,8,9,6,0,0,0,0,5513.4364880713,25,14,11,7,0,0,0,0,5695.6665794954,19,11,8,6,0,0,0,0,587.8996088779,15,6,9,5,0,0,0,0,5432.2535217469,14,,,4,,,,,984.8029990781
Iceland,IS,ISL,352,65,-18,320137,13578943166.6464,100250,1961.845,,,,,,,,,,,,,,,,,,,,,,,,,,,,,,,,,,,,,4,4,0,2,0,0,0,0,1648.2131574824,11,11,0,3,0,0,0,0,972.1938734501,7,6,1,2,0,0,0,0,1700.8297402832,4,4,0,2,0,0,0,0,4133.8033139933,5,5,0,2,0,0,0,0,1639.1362100371,4,4,0,1,0,0,0,0,1637.878653404,,,,,,,,,,8,6,2,2,0,0,0,0,1639.1362100371,6,5,1,2,0,0,0,0,2535.289275105,5,4,1,2,0,0,0,0,2015.6320143971,3,2,1,2,0,0,0,0,3277.5435343121,5,4,1,2,0,0,0,0,1622.1603323784,5,4,1,2,0,0,0,0,920.6998326283,7,4,3,1,0,0,0,0,5300.5170486819,6,4,2,1,0,0,0,0,3819.9473488074,5,4,1,1,0,0,0,0,1626.29597446,4,3,1,1,0,0,0,0,3599.6090329768,5,3,2,2,,,,,2625.0121174834
India,IN,IND,356,20,77,1236686732,1841709755679.17,2973190,2008822.937,7,7,0,1,1,0,0,1,4293.3460307294,,,,,,,,,,,,,,,,,,,,,,,,,,,,,,,,,,,,,,,,,,,,,,,,,,,,,,,,,,,,,,,,1,1,0,1,0,0,0,0,4081.4284345725,1,1,0,1,0,0,0,0,4349.8746538008,,,,,,,,,,,,,,,,,,,,,,,,,,,,,,,,,,,,,3,2,1,1,0,0,0,0,7486.0704125345,2,2,0,1,0,0,0,0,4316.537786056,,,,,,,,,,1,1,0,1,0,0,0,0,3831.3442817213,1,1,0,1,0,0,0,0,8205.388735962,4,3,1,3,0,0,0,0,4253.4320651909,3,3,0,3,0,0,0,0,7499.3182809231,,,,,,,,,
Individual Olympic Athletes,,,,20,77,,,,,,,,,,,,,,,,,,,,,,,,,,,,,,,,,,,,,,,,,,,,,,,,,,,,,,,,,,,,,,,,,,,,,,,,,,,,,,,,,,,,,,,,,,,,,,,,,,,,,,,,,,,,,,,,,,,,,,,,,,,,,,,,,,,,,,,,,,,,,,,,,,,,,,,,,,,,,,,,,,,,,,,,,,,,,,,,,,,,,,,,,,,,,,,,,,3,3,0,3,,,,,2694.5839652612
Iran,IR,IRN,364,32,53,76424443,514059508513.901,1628550,571611.96,,,,,,,,,,,,,,,,,,,,,,,,,,,,,,,,,,,,,,,,,,,,,,,,,,,,,,,3,3,0,1,0,0,0,0,2373.4193027723,,,,,,,,,,4,4,0,1,0,0,0,0,2417.4851246969,4,4,0,1,0,0,0,0,2669.0953938503,4,4,0,1,0,0,0,0,4679.2502351154,4,4,0,1,0,0,0,0,2417.4851246969,,,,,,,,,,,,,,,,,,,,,,,,,,,,,,,,,,,,,,,,,,,,,,1,1,0,1,0,0,0,0,4706.4124693806,2,2,0,2,0,0,0,0,7322.578157852,2,2,0,2,0,0,0,0,2578.5149068236,4,3,1,2,0,0,0,0,6821.6965957462,5,3,2,2,,,,,1077.8993663588
Ireland,IE,IRL,372,53,-8,4588798,210771406835.948,68890,39999.636,,,,,,,,,,,,,,,,,,,,,,,,,,,,,,,,,,,,,,,,,,,,,,,,,,,,,,,,,,,,,,,,,,,,,,,,,,,,,,,,,,,,,,,,,,,,,,,,,,,,,,,,,,,,,,,,,,,,,,,,,,,,,,,,,,,,,,,,4,4,0,1,0,0,0,0,820.0716433542,,,,,,,,,,6,6,0,2,0,0,0,0,5923.3686968662,6,5,1,4,0,0,0,0,4540.2294558078,4,3,1,3,0,0,0,0,849.1452389851,6,3,3,4,0,0,0,0,4424.4601451699,5,4,1,4,,,,,2243.2439229229
Israel,IL,ISR,376,31.5,34.75,7907900,258216880939.072,21640,70655.756,,,,,,,,,,,,,,,,,,,,,,,,,,,,,,,,,,,,,,,,,,,,,,,,,,,,,,,,,,,,,,,,,,,,,,,,,,,,,,,,,,,,,,,,,,,,,,,,,,,,,,,,,,,,,,,,,,,,,,,,,,,,,,,,,,,,,,,,,,,,,,,,,1,1,0,1,0,0,0,0,2324.3535527881,3,2,1,1,0,0,0,0,5614.2338880625,5,2,3,2,0,0,0,0,7013.0118791268,5,3,2,2,0,0,0,0,1757.743317248,3,2,1,2,0,0,0,0,6697.066831971,5,4,1,2,,,,,878.3416034477
Italy,IT,ITA,380,42.8333,12.8333,60917978,2014669579719.72,294140,406307.267,23,23,0,4,0,0,0,0,363.7839464438,13,13,0,5,0,0,0,0,293.2263184073,12,12,0,4,0,0,0,0,4130.3537253055,40,35,5,7,0,0,0,0,333.6813789326,54,51,3,9,1,0,0,0,293.2263184073,33,28,5,6,1,0,1,2,1186.582353591,65,53,12,8,1,2,0,3,258.0908423891,28,21,7,6,0,0,1,1,6058.5161008991,61,53,8,9,0,1,3,4,314.5514850922,47,39,8,8,4,0,0,4,389.3735821587,44,41,3,9,2,2,1,5,5703.0713714228,58,47,11,9,1,2,1,4,314.5514850922,46,34,12,8,0,2,0,2,4130.3537253055,74,59,15,9,2,0,0,2,286.3516485559,58,42,16,8,2,1,2,5,5213.1488526434,107,79,28,11,4,6,4,14,374.4225886217,104,78,26,11,7,5,8,20,1268.8118675492,113,79,34,13,2,6,2,10,5963.5051526258,109,63,46,12,4,4,5,13,5715.9362615997,179,106,73,15,5,0,6,11,337.7243070201,109,69,40,13,1,1,3,5,5540.8885886965,109,,,13,,,,,1349.8528528364
Jamaica,JM,JAM,388,18.25,-77.5,2712100,14755051129.3404,10830,7157.984,,,,,,,,,,,,,,,,,,,,,,,,,,,,,,,,,,,,,,,,,,,,,,,,,,,,,,,,,,,,,,,,,,,,,,,,,,,,,,,,,,,,,,,,,,,,,,,,,,,,,,,,,,,,,,,,,,,,,,,,,,,,,,,4,4,0,1,0,0,0,0,3020.6070916693,5,5,0,1,0,0,0,0,5037.3150176909,4,4,0,1,0,0,0,0,5053.2398565284,6,6,0,1,0,0,0,0,7992.0467775921,2,2,0,1,0,0,0,0,2560.9359072768,,,,,,,,,,1,1,0,1,0,0,0,0,3308.485885839,2,2,0,1,,,,,6613.7308419958
Japan,JP,JPN,392,36,138,127561489,5959718262199.13,364500,1170715.419,,,,,,,,,,6,6,0,3,0,0,0,0,5895.8312034365,16,16,0,5,0,0,0,0,6542.3737960632,31,30,1,7,0,0,0,0,5804.9910827166,,,,,,,,,,13,13,0,5,0,0,0,0,5165.4672542813,10,10,0,5,0,1,0,1,5823.1055242354,41,36,5,7,0,0,0,0,5246.1581642885,47,41,6,8,0,0,0,0,5808.0735798011,61,52,9,8,0,0,0,0,6088.8862051267,85,65,20,10,1,1,1,3,520.0455250194,58,50,8,10,0,0,0,0,5808.0735798011,50,46,4,10,0,1,0,1,6542.3737960632,39,32,7,9,0,1,0,1,5751.0130835518,48,37,11,9,0,0,1,1,5012.8762085191,60,40,20,11,1,2,4,7,6042.973473713,59,43,16,11,1,2,2,5,5111.924079562,156,92,64,14,5,1,4,10,44.9564371785,103,59,44,14,0,1,1,2,5533.6419957584,110,58,52,14,1,0,0,1,5983.1645579896,91,48,43,14,0,3,2,5,4747.9875950336,137,,,15,,,,,4928.1547175597
Kazakhstan,KZ,KAZ,398,48,68,16797459,203520610287.707,2699700,248728.943,,,,,,,,,,,,,,,,,,,,,,,,,,,,,,,,,,,,,,,,,,,,,,,,,,,,,,,,,,,,,,,,,,,,,,,,,,,,,,,,,,,,,,,,,,,,,,,,,,,,,,,,,,,,,,,,,,,,,,,,,,,,,,,,,,,,,,,,,,,,,,,,,24,19,10,8,1,2,0,3,2385.6011162047,60,45,15,8,0,0,2,2,3545.3767790188,50,20,30,7,0,0,0,0,6308.335699158,55,43,12,7,0,0,0,0,2770.5351069332,37,21,16,8,0,1,0,1,5688.0699500477,44,,,10,,,,,1388.5315634271
Kenya,KE,KEN,404,1,38,43178141,40697163224.2519,569140,12427.463,,,,,,,,,,,,,,,,,,,,,,,,,,,,,,,,,,,,,,,,,,,,,,,,,,,,,,,,,,,,,,,,,,,,,,,,,,,,,,,,,,,,,,,,,,,,,,,,,,,,,,,,,,,,,,,,,,,,,,,,,,,,,,,,,,,,,,,,,,,,,,,,,,,,,,,,,,1,1,0,1,0,0,0,0,6744.0682750953,1,1,0,1,0,0,0,0,8992.4907209237,1,1,0,1,0,0,0,0,3615.6715481281,,,,,,,,,,,,,,,,,,
Kyrgyzstan,KG,KGZ,417,41,75,5582100,6474843799.06064,191800,6398.915,,,,,,,,,,,,,,,,,,,,,,,,,,,,,,,,,,,,,,,,,,,,,,,,,,,,,,,,,,,,,,,,,,,,,,,,,,,,,,,,,,,,,,,,,,,,,,,,,,,,,,,,,,,,,,,,,,,,,,,,,,,,,,,,,,,,,,,,,,,,,,,,,1,0,1,1,0,0,0,0,2974.6957321312,1,1,0,1,0,0,0,0,3341.9737448925,2,2,0,2,0,0,0,0,6775.7785350048,1,1,0,1,0,0,0,0,3289.4709586656,2,1,1,2,0,0,0,0,6108.0637303122,1,1,0,1,,,,,1799.3646637258
Latvia,LV,LVA,428,57,25,2025473,28372577696.5265,62200,7616.359,2,2,0,2,0,0,0,0,1087.3051585942,1,1,0,1,0,0,0,0,969.4783107653,5,5,0,2,0,1,0,1,4034.0339990138,26,23,3,6,0,0,0,0,878.8771781156,,,,,,,,,,,,,,,,,,,,,,,,,,,,,,,,,,,,,,,,,,,,,,,,,,,,,,,,,,,,,,,,,,,,,,,,,,,,,,,,,,,,,,,,,,,,,,,,,,,,23,19,4,6,0,0,0,0,1114.9570057492,27,20,7,6,0,0,0,0,589.4041044772,29,21,8,6,0,0,0,0,4896.6652314758,47,42,5,8,0,0,0,0,5236.3174044109,57,49,8,8,0,0,1,1,1054.778550047,53,44,9,9,0,2,0,2,4875.0360528921,56,,,9,,,,,1127.3894340037
Lebanon,LB,LBN,422,33.8333,35.8333,4424888,42945273631.8408,10230,20403.188,,,,,,,,,,,,,,,,,,,,,,,,,,,,,,,,,,,,,2,2,0,1,0,0,0,0,1617.3108452088,1,1,0,1,0,0,0,0,2131.5122032818,3,3,0,2,0,0,0,0,1519.2538278092,2,2,0,1,0,0,0,0,7168.8622628347,4,4,0,1,0,0,0,0,1573.88219475,3,3,0,1,0,0,0,0,1773.7485431452,1,1,0,1,0,0,0,0,5352.0347707521,1,0,1,1,0,0,0,0,1573.88219475,3,2,1,1,0,0,0,0,5476.2163662168,4,4,0,1,0,0,0,0,1164.2848442694,4,4,0,1,0,0,0,0,6296.2696507103,4,4,0,1,0,0,0,0,1751.9725101412,,,,,,,,,,,,,,,,,,,2,1,1,1,0,0,0,0,6892.7969190427,3,2,1,2,0,0,0,0,1700.9942597524,3,1,2,1,0,0,0,0,6555.7780864789,2,1,1,1,,,,,705.8117048626
Liechtenstein,LI,LIE,438,47.1667,9.5333,36656,4826167676,160,,,,,,,,,,,,,,,,,,,,,,,,,,,,,4,4,0,2,0,0,0,0,76.1887607566,10,10,0,2,0,0,0,0,48.2249991748,,,,,,,,,,8,8,0,2,0,0,0,0,130.4873795337,3,3,0,1,0,0,0,0,5721.1598679527,6,6,0,2,0,0,0,0,87.1424386813,9,8,1,2,0,0,0,0,227.4650971666,4,3,1,2,0,0,0,0,5546.9016726685,9,6,3,3,0,0,2,2,87.1424386813,7,4,3,2,2,2,0,4,3834.1003609945,10,7,3,0,0,0,2,2,484.7590207149,13,11,2,3,0,0,1,1,4873.8909706408,7,6,1,2,0,0,0,0,181.64351885,10,9,1,3,0,0,0,0,965.9810702254,8,5,3,2,0,0,0,0,5837.7780192561,8,7,1,2,0,0,0,0,5382.9793214142,5,3,2,2,0,0,0,0,115.5862363361,4,3,1,2,0,0,0,0,5200.7203471612,8,,,2,,,,,1477.1753243297
Lithuania,LT,LTU,440,56,24,2985509,42343521965.7483,62674,13560.566,,,,,,,,,,1,1,0,1,0,0,0,0,895.0319040053,,,,,,,,,,,,,,,,,,,,,,,,,,,,,,,,,,,,,,,,,,,,,,,,,,,,,,,,,,,,,,,,,,,,,,,,,,,,,,,,,,,,,,,,,,,,,,,,,,,,,,,,,,,,,,,,,,,,,,6,3,3,3,0,0,0,0,1043.3402041191,6,3,3,3,0,0,0,0,602.3379493063,7,5,2,4,0,0,0,0,4969.8959370125,8,5,3,3,0,0,0,0,5274.0184513498,7,4,3,4,0,0,0,0,982.179184476,6,4,2,3,0,0,0,0,4925.1316513814,9,4,5,5,,,,,1103.1720671859
Luxemburg,LU,LUX,442,49.75,6.1667,531441,55178452044.2273,2590,10828.651, , , , , , , , ,,5,5,0,1,0,0,0,0,281.1911771999,4,4,0,2,0,0,0,0,3613.1289460113,,,,,,,,,,,,,,,,,,,,,,,,,,,,,,,,,,,,,,,,,,,,,,,,,,,,,,,,,,,,,,,,,,,,,,,,,,,,,,,,,,,,,,,,,,,,,,,,,,,,1,1,0,1,0,0,0,0,4639.1494967278,1,1,0,1,0,2,0,2,281.7941895993,1,1,0,1,0,0,0,0,803.8920270538,1,1,0,1,0,0,0,0,5791.8606605309,,,,,,,,,,1,0,1,1,0,0,0,0,264.3478032772,,,,,,,,,,2,2,0,2,,,,,1632.8308258214
"Macedonia, the former Yugoslav Republic of",MK,MKD,807,41.8333,22,2105575,9612518136.34871,25220,10872.655,,,,,,,,,,,,,,,,,,,,,,,,,,,,,,,,,,,,,,,,,,,,,,,,,,,,,,,,,,,,,,,,,,,,,,,,,,,,,,,,,,,,,,,,,,,,,,,,,,,,,,,,,,,,,,,,,,,,,,,,,,,,,,,,,,,,,,,,,,,,,,,,,,,,,,,,,,3,2,1,2,0,0,0,0,5688.9594175727,2,2,0,2,0,0,0,0,6047.2105909316,3,2,1,2,0,0,0,0,768.1645163578,3,2,1,2,0,0,0,0,5799.763648081,3,2,1,2,,,,,906.5159593549
Madagascar,MG,MDG,450,-20,47,22293914,9975124872.405,581540,2013.183,,,,,,,,,,,,,,,,,,,,,,,,,,,,,,,,,,,,,,,,,,,,,,,,,,,,,,,,,,,,,,,,,,,,,,,,,,,,,,,,,,,,,,,,,,,,,,,,,,,,,,,,,,,,,,,,,,,,,,,,,,,,,,,,,,,,,,,,,,,,,,,,,,,,,,,,,,,,,,,,,,,,,,,,,,,,1,1,0,1,0,0,0,0,5187.3863420058,,,,,,,,,,,,,,,,,,
Malta,MT,MLT,470,35.8333,14.5833,418366,8721923076.92308,320,2588.902,,,,,,,,,,,,,,,,,,,,,,,,,,,,,,,,,,,,,,,,,,,,,,,,,,,,,,,,,,,,,,,,,,,,,,,,,,,,,,,,,,,,,,,,,,,,,,,,,,,,,,,,,,,,,,,,,,,,,,,,,,,,,,,,,,,,,,,,,,,,,,,,,,,,,,,,,,,,,,,,,,,,,,,,,,,,,,,,,,,,,,,,,,,,,,1,0,1,1,,,,,1433.2623103951
Mexico,MX,MEX,484,23,-102,120847477,1178126184343.49,1943950,443673.997,,,,,,,,,,5,5,0,1,0,0,0,0,6032.6222669672,,,,,,,,,,,,,,,,,,,,,,,,,,,,,,,,,,,,,,,,,,,,,,,,,,,,,,,,,,,,,,,,,,,,,,,,,,,,,,,,,,,,,,,,,,,,,,,,,,,,1,1,0,1,0,0,0,0,6478.8594877701,11,10,1,4,0,0,0,0,2044.2606097355,20,16,4,4,0,0,0,0,5918.2532048574,1,1,0,1,0,0,0,0,5534.9216854827,,,,,,,,,,3,3,0,2,0,0,0,0,1355.1223842817,,,,,,,,,,1,1,0,1,1,1,1,1,2147.5688120172,1,1,0,1,,,,,7239.2688088087
Moldova,MD,MDA,498,47,29,3559541,7252769934.44626,32854,4855.108,,,,,,,,,,,,,,,,,,,,,,,,,,,,,,,,,,,,,,,,,,,,,,,,,,,,,,,,,,,,,,,,,,,,,,,,,,,,,,,,,,,,,,,,,,,,,,,,,,,,,,,,,,,,,,,,,,,,,,,,,,,,,,,,,,,,,,,,,,,,,,,,,2,1,1,1,0,0,0,0,1224.3837898707,2,1,1,1,0,0,0,0,5194.1989034014,5,3,2,3,0,0,0,0,5918.4421496332,6,3,3,3,0,0,0,0,1011.9158379677,7,5,2,4,0,0,0,0,5582.9718089861,5,3,2,4,,,,,571.6856582548
Monaco,MC,MCO,492,43.7333,7.4,37579,6074506533.22213,2,,,,,,,,,,,,,,,,,,,,,,,,,,,,,,,,,,,,,,,,,,,,,,,,,,,,,,,,,,,,,,,,,,,,,,,,,,,,,,,,,,,,,,,,,,,,,,,,,,,,,,,,,,,,,,,,,,,,,,,1,1,0,1,0,0,0,0,546.4369337714,3,3,0,2,0,0,0,0,5012.9172152387,5,5,0,1,0,0,0,0,143.1650948165,5,5,0,2,0,0,0,0,1209.1325318923,4,4,0,1,0,0,0,0,6088.237845858,5,5,0,1,0,0,0,0,5490.896811292,4,3,1,2,0,0,0,0,161.9809502246,3,2,1,2,0,0,0,0,5353.9247872592,5,4,1,2,,,,,1606.1457913265
Mongolia,MN,MNG,496,46,105,2796484,10271393281.3833,1553560,11510.713,,,,,,,,,,,,,,,,,,,,,,,,,,,,,,,,,,,,,,,,,,,,,,,,,,,,,,,,,,,,,,,,,,,,,,,,,13,10,3,3,0,0,0,0,4154.19435114,7,7,0,3,0,0,0,0,4454.6696515468,4,4,0,2,0,0,0,0,1787.0790562964,,,,,,,,,,3,3,0,2,0,0,0,0,6201.8711211313,4,4,0,1,0,0,0,0,4020.2847321572,3,2,1,1,0,0,0,0,5341.7982219952,4,4,0,2,0,0,0,0,4408.528617678,1,1,0,1,0,0,0,0,3657.0018519374,3,3,0,2,0,0,0,0,1824.6567297767,4,3,1,2,0,0,0,0,6029.2214309061,2,1,1,1,0,0,0,0,4342.8916666585,2,1,1,1,0,0,0,0,5253.2553492627,2,1,1,1,,,,,3115.1470369487
Montenegro,ME,MNE,499,42,19,621081,4373170811.72835,13450,2581.568,,,,,,,,,,,,,,,,,,,,,,,,,,,,,,,,,,,,,,,,,,,,,,,,,,,,,,,,,,,,,,,,,,,,,,,,,,,,,,,,,,,,,,,,,,,,,,,,,,,,,,,,,,,,,,,,,,,,,,,,,,,,,,,,,,,,,,,,,,,,,,,,,,,,,,,,,,,,,,,,,,,,,,,,,,,,,,,,,,,,,1,1,0,1,0,0,0,0,5728.9772340664,2,1,1,1,,,,,1054.0859577697
Morocco,MA,MAR,504,32,-5,32521143,95981572517.1671,446300,50608.267,,,,,,,,,,,,,,,,,,,,,,,,,,,,,,,,,,,,,,,,,,,,,,,,,,,,,,,,,,,,,,,,,,,,,,,,,,,,,,,,,,5,5,0,1,0,0,0,0,1078.7133195455,,,,,,,,,,,,,,,,,,,,,,,,,,,,4,4,0,1,0,0,0,0,1506.0771498197,3,3,0,1,0,0,0,0,5270.2251096813,12,10,2,2,0,0,0,0,1124.5469982494,,,,,,,,,,,,,,,,,,,,,,,,,,,,,,,,,,,,,1,1,0,1,0,0,0,0,5662.7183698195,2,1,1,1,,,,,2536.8496064625
Nepal,NP,NPL,524,28,84,27474377,18962962962.963,143350,3755.008,1,1,0,1,0,0,0,0,4265.534609992,,,,,,,,,,,,,,,,,,,,,,,,,,,,,,,,,,,,,,,,,,,,,,,,,,,,,,,,,,,,,,,,,,,,,,,,,,,,,,,,,,,,,,,,,,,,,,,,,,,,,,,,,,,,,,,,,,,,,,,,,,,,,,,,,,,,,,,,,,,,,,,,,,,,,,,,,,1,1,0,1,0,0,0,0,7583.0152226241,1,1,0,1,0,0,0,0,4224.4686825579,1,1,0,1,0,0,0,0,6848.074542027,1,1,0,1,,,,,2668.2782156129
Netherlands,NL,NLD,528,52.5,5.75,16767705,770555412702.494,33730,182077.551,,,,,,,,,,7,7,0,2,0,0,0,0,453.3211312907,,,,,,,,,,8,7,1,3,0,0,0,0,418.8549371009,4,4,0,1,0,0,0,0,453.3211312907,104,78,26,14,0,5,0,5,549.3387504388,8,6,2,2,0,0,0,0,501.8001904574,7,5,2,2,0,1,1,2,5327.614858919,6,4,2,2,1,1,0,2,440.0039327716,9,4,5,1,3,3,3,9,504.6673805559,11,5,6,2,4,3,2,9,5327.113048303,7,3,4,2,1,2,3,6,440.0039327716,29,25,4,2,1,2,1,4,3514.1042224806,13,9,4,2,0,0,0,0,831.7275231819,11,6,5,1,3,2,2,7,4475.7470683736,19,9,10,2,1,1,2,4,472.6047071806,21,13,8,4,0,1,3,4,621.9747317631,22,10,12,3,5,4,2,11,5650.4637436315,27,14,13,4,3,5,0,8,4998.5394156411,33,16,17,4,3,2,4,9,453.3146965948,32,15,17,4,4,1,3,8,4798.1832119601,41,,,7,,,,,1667.771474241
Netherlands Antilles,AN,ANT,530,12.25,-68.75,227049,4000000000,,,,,,,,,,,,,,,,,,,,,,,,,,,,,,,,,,,,,,,,,,,,,,,,,,,,,,,,,,,,,,,,,,,,,,,,,,,,,,,,,,,,,,,,,,,,,,,,,,,,,,,,,,,,,,,,,,,,,,,,,,,,,,,,,2,2,0,2,0,0,0,0,3687.8612121518,2,2,0,1,0,0,0,0,4902.9742412316,,,,,,,,,,,,,,,,,,,,,,,,,,,,,,,,,,,,,,,,,,,,,,,,,,,,,,
New Zealand,NZ,NZL,554,-41,174,4433100,167347054533.668,263310,31550.868,,,,,,,,,,,,,,,,,,,,,,,,,,,,,,,,,,,,,,,,,,,,,,3,2,1,1,0,0,0,0,10950.4898144653,,,,,,,,,,4,2,2,1,0,0,0,0,6915.3153943162,,,,,,,,,,6,4,2,1,0,0,0,0,11785.5997643802,2,2,0,1,0,0,0,0,6157.5719291482,5,3,2,1,0,0,0,0,11481.5480265833,5,3,2,1,0,0,0,0,9080.2616013526,6,4,2,1,0,0,0,0,11190.0904436376,9,7,2,3,0,0,0,0,7693.7093253749,6,5,1,2,0,1,0,1,11742.8938781028,7,5,2,2,0,0,0,0,10889.9267776237,8,4,4,6,0,0,0,0,5826.600187239,10,7,3,5,0,0,0,0,7312.139296029,15,10,5,5,0,0,0,0,11674.4657990084,16,9,7,8,0,0,0,0,7315.4757616119,19,,,6,,,,,10128.5524212287
North Korea,KP,PRK,408,40,127,24763188,12380000000,120410,71623.844,,,,,,,,,,,,,,,,,,,,,,,,,,,,,,,,,,,,,,,,,,,,,,,,,,,,,,,,,,,,,,,,,,,,,,,,,13,6,7,2,,1,,1,5231.7155554156,,,,,,,,,,6,0,6,1,0,0,0,0,771.1805325267,,,,,,,,,,,,,,,,,,,6,0,6,1,0,0,0,0,5144.4610230759,6,3,3,2,0,0,0,0,5151.7020762011,20,9,11,5,0,0,1,1,5475.4494868094,,,,,,,,,4602.8003071464,8,2,6,2,0,0,0,0,649.133541465,,,,,,,,,,6,2,4,2,0,0,0,0,5413.0359071104,2,1,1,2,0,0,0,0,4945.2938987043,,,,,,,,,
Norway,NO,NOR,578,62,10,5018869,499667211001.289,304250,57186.865,14,13,1,5,4,7,6,17,1118.3846636935,25,22,3,5,6,4,5,15,1071.5738939604,19,18,1,5,3,4,3,10,3410.2036843911,31,25,6,6,7,5,3,15,1003.3175608144,49,45,4,7,4,3,3,1,1071.5738939604,73,61,12,8,7,3,6,16,143.9345313033,45,37,8,6,2,1,1,4,1072.5711706634,29,25,4,6,3,3,,6,4920.2830937991,58,51,7,9,3,6,6,1,1019.9947603221,65,54,11,8,6,6,2,14,1173.9883035253,67,56,11,8,2,5,5,12,4693.6436784792,42,35,7,7,3,3,1,7,1019.9947603221,64,55,9,7,1,3,6,10,3410.2036843911,58,50,8,8,3,2,4,9,1299.8462461189,64,54,10,8,0,3,2,5,4049.6087189761,80,61,19,11,9,6,5,20,1137.590766002,88,67,21,10,10,11,5,26,61.8069957831,76,49,27,10,10,10,5,25,5040.107914261,77,50,27,11,13,5,7,25,4641.4778159023,67,46,21,10,2,8,9,19,1105.2886888747,95,70,25,11,9,8,6,23,4330.8178108157,134,,,12,,,,,1749.2428217014
Pakistan,PK,PAK,586,30,70,179160111,225143266331.151,770880,161395.671,,,,,,,,,,,,,,,,,,,,,,,,,,,,,,,,,,,,,,,,,,,,,,,,,,,,,,,,,,,,,,,,,,,,,,,,,,,,,,,,,,,,,,,,,,,,,,,,,,,,,,,,,,,,,,,,,,,,,,,,,,,,,,,,,,,,,,,,,,,,,,,,,,,,,,,,,,,,,,,,,,,,,,,,,,,,,,,,,,,,,1,1,0,1,0,0,0,0,6905.8670091271,1,1,0,1,,,,,1906.0274567684
Paraguay,PY,PRY,600,-23,-58,6687361,25502060502.1181,397300,5075.128,,,,,,,,,,,,,,,,,,,,,,,,,,,,,,,,,,,,,,,,,,,,,,,,,,,,,,,,,,,,,,,,,,,,,,,,,,,,,,,,,,,,,,,,,,,,,,,,,,,,,,,,,,,,,,,,,,,,,,,,,,,,,,,,,,,,,,,,,,,,,,,,,,,,,,,,,,,,,,,,,,,,,,,,,,,,,,,,,,,,,,,,,,,,,,1,0,1,1,,,,,7676.1968782262
Peru,PE,PER,604,-10,-76,29987800,203790266509.653,1280000,57579.234,,,,,,,,,,,,,,,,,,,,,,,,,,,,,,,,,,,,,,,,,,,,,,,,,,,,,,,,,,,,,,,,,,,,,,,,,,,,,,,,,,,,,,,,,,,,,,,,,,,,,,,,,,,,,,,,,,,,,,,,,,,,,,,,,,,,,,,,,,,,,,,,,,,,,,,,,,,,,,,,,,,,,,,,,,,,,,,,,,,,,3,2,1,2,0,0,0,0,4989.9036454926,3,2,1,2,,,,,7979.4670259162
Philippines,PH,PHL,608,13,122,96706764,250182019476.324,298170,81590.75,,,,,,,,,,,,,,,,,,,,,,,,,,,,,,,,,,,,,,,,,,,,,,,,,,,,,,,,,,,,,,,,,,,,,,,,,,,,,,,,,,,,,,,,,,,2,2,0,1,0,0,0,0,2377.3216724177,,,,,,,,,,,,,,,,,,,,,,,,,,,,1,1,0,1,0,0,0,0,6886.4758233746,1,1,0,1,0,0,0,0,6751.5145680569,,,,,,,,,,,,,,,,,,,,,,,,,,,,,,,,,,,,,,,,,,,,,,1,1,0,1,,,,,5221.4590049255
Poland,PL,POL,616,52,20,38542737,489795486644.151,304150,317254.172,7,7,0,5,0,0,0,0,727.4298198847,26,26,0,5,0,0,0,0,594.9216167454,15,15,0,4,0,0,0,0,4057.7678655673,20,20,0,6,0,0,0,0,504.7854411204,29,29,0,5,0,0,0,0,594.9216167454,30,27,3,4,0,0,0,0,654.4850625282,51,44,7,6,0,0,1,1,517.8538056013,13,7,6,4,,1,1,2,5701.6678571908,51,40,11,8,0,0,0,0,505.3036049241,31,23,8,7,0,0,0,0,802.1276684945,47,39,8,8,1,0,0,1,4998.0447098441,56,43,13,9,0,0,0,0,505.3036049241,30,29,1,5,0,0,0,0,4057.7678655673,30,24,6,6,0,0,0,0,568.6755033868,32,28,4,6,0,0,0,0,4832.3855565779,53,41,12,9,0,0,0,0,755.9646195522,28,15,13,8,0,0,0,0,727.1667722795,39,24,15,10,0,0,0,0,5274.7108276782,27,22,5,9,,1,1,2,5412.1998870598,45,29,16,11,0,1,1,2,690.6408474071,46,26,20,11,1,3,2,6,5115.9877429659,63,,,11,,,,,1079.680740388
Portugal,PT,PRT,620,39.5,-8,10526703,212273977886.346,91470,52361.093,,,,,,,,,,,,,,,,,,,,,,,,,,,,,,,,,,,,1100.9660691112,,,,,,,,,,1,1,0,1,0,0,0,0,1630.4503319363,,,,,,,,,1123.5609140783,,,,,,,,,,,,,,,,,,,,,,,,,,,,,,,,,,,,,,,,,,,,,,,,,,,,,,,,,,,,,,,,5,5,0,1,0,0,0,0,4761.4017457667,,,,,,,,,,1,1,0,1,0,0,0,0,1688.8788103918,2,1,1,2,0,0,0,0,6757.9289527142,,,,,,,,,,1,1,0,1,0,0,0,0,914.5101338099,1,1,0,1,0,0,0,0,5146.3864901363,2,1,1,1,,,,,2451.2313305891
Puerto Rico,PR,PRI,630,18.25,-66.5,3667084,101495811266,8870,,,,,,,,,,,,,,,,,,,,,,,,,,,,,,,,,,,,,,,,,,,,,,,,,,,,,,,,,,,,,,,,,,,,,,,,,,,,,,,,,,,,,,,,,,,,,,,,,,,,,,,,,,,,,,,,,,,,,,,1,1,0,1,0,0,0,0,5104.6406687767,9,8,1,3,0,0,0,0,3438.0409070292,6,6,0,2,0,0,0,0,4508.4167050703,5,5,0,1,0,0,0,0,4686.8535396129,6,6,0,2,0,0,0,0,8321.6063425584,,,,,,,,,,,,,,,,,,,,,,,,,,,,,,,,,,,,6127.8419236758
Romania,RO,ROU,642,46,25,21326905,192710684930.009,230160,78745.158,,,,,,,,,,10,10,0,1,0,0,0,0,724.7666678401,1,1,0,1,0,0,0,0,4484.9368156395,15,14,1,5,0,0,0,0,666.3853875213,7,7,0,1,0,0,0,0,724.7666678401,16,16,0,3,0,0,0,0,1126.8874288286,19,13,6,4,0,0,0,0,615.3389528868,,,,,,,,,,27,27,0,4,0,0,0,0,651.4453630978,30,29,1,5,0,0,1,1,931.8120905086,13,13,0,4,0,0,0,0,5155.6658059816,32,32,0,4,0,0,0,0,651.4453630978,35,33,2,4,0,0,0,0,4484.9368156395,19,16,3,6,0,0,0,0,357.4724783942,11,5,6,4,0,0,0,0,5304.624690452,23,14,9,8,0,0,0,0,894.4039446419,23,13,10,7,0,0,0,0,1198.7471337477,16,12,4,6,0,0,0,0,5384.7954247465,21,11,10,8,0,0,0,0,5883.1873505356,25,16,9,8,0,0,0,0,828.6775108772,28,14,14,9,0,0,0,0,5585.4901460777,19,,,7,,,,,740.0601824502
Russia,RU,RUS,643,60,100,143533000,2014774938341.85,16376870,1740776.238,,,,,,,,,,,,,,,,,,,,,,,,,,,,,,,,,,,,,,,,,,,,,,,,,,,,,,,,,,,,,,,,,,,,,,,,,,,,,,,,,,,,,,,,,,,,,,,,,,,,,,,,,,,,,,,,,,,,,,,,,,,,,,,,,,,,,,,,,,,,,,,,,113,75,38,12,11,8,4,23,2801.0252119497,122,79,43,12,9,6,3,18,2328.4676477195,151,85,66,15,5,4,4,13,5246.9209696304,174,100,74,15,8,6,8,22,3624.5461532581,175,94,81,15,3,5,7,15,4514.817442706,216,,,15,,,,,2699.4695739864
San Marino,SM,SMR,674,43.7667,12.4167,31247,1899809579.61037,60,,,,,,,,,,,,,,,,,,,,,,,,,,,,,,,,,,,,,,,,,,,,,,,,,,,,,,,,,,,,,,,,,,,,,,,,,,,,,,,,,,,,,,,,,,,,,,,,,,,,,2,2,0,1,0,0,0,0,247.0812096265,,,,,,,,,,3,3,0,2,0,0,0,0,296.3273071309,5,5,0,2,0,0,0,0,5147.1696612084,3,3,0,2,0,0,0,0,323.8911132331,3,3,0,2,0,0,0,0,1203.1399377501,,,,,,,,,,1,1,0,1,0,0,0,0,5652.6214901615,1,1,0,1,0,0,0,0,280.2797431877,1,1,0,1,0,0,0,0,5473.9918818741,2,1,1,1,,,,,1359.0244417548
Senegal,SN,SEN,686,14,-14,13726021,14045759802.382,192530,7058.975,,,,,,,,,,,,,,,,,,,,,,,,,,,,,,,,,,,,,,,,,,,,,,,,,,,,,,,,,,,,,,,,,,,,,,,,,,,,,,,,,,,,,,,,,,,,,,,,,,,,,,,,,,,,,,,,,,,,,,1,1,0,1,0,0,0,0,2810.2308421838,,,,,,,,,,2,2,0,1,0,0,0,0,2492.0322805407,1,1,0,1,0,0,0,0,3479.3384673615,,,,,,,,,,,,,,,,,,,1,1,0,1,0,0,0,0,2550.7433289204,1,1,0,1,0,0,0,0,6316.9119670578,,,,,,,,,3758.120078628
Serbia,RS,SRB,688,44,21,7223887,37488935009.7878,87460,45962.178,,,,,,,,,,,,,,,,,,,,,,,,,,,,,,,,,,,,,,,,,,,,,,,,,,,,,,,,,,,,,,,,,,,,,,,,,,,,,,,,,,,,,,,,,,,,,,,,,,,,,,,,,,,,,,,,,,,,,,,,,,,,,,,,,,,,,,,,,,,,,,,,,,,,,,,,,,,,,,,,,,,,,,,,,,,,,,,,,,,,,10,6,4,4,0,0,0,0,5641.9886374754,10,,,4,,,,,932.6363651825
Serbia and Montenegro,CS,SCG,891,44.8167,20.4667,10830000,25980000000,,,,,,,,,,,,,,,,,,,,,,,,,,,,,,,,,,,,,,,,,,,,,,,,,,,,,,,,,,,,,,,,,,,,,,,,,,,,,,,,,,,,,,,,,,,,,,,,,,,,,,,,,,,,,,,,,,,,,,,,,,,,,,,,,,,,,,,,,,,,,,,,,,,,,,,,,,,,2,1,1,1,0,0,0,0,5602.2058451816,6,5,1,2,0,0,0,0,5832.8249010345,6,3,3,4,0,0,0,0,624.5634655621,,,,,,,,,,,,,,,,,,
Slovakia,SK,SVK,703,48.6667,19.5,5410267,91148717948.7179,48088,36094.281,,,,,,,,,,25,24,1,,0,0,1,1,474.6101215136,,,,,,,,,,,,,,,,,,,,,,,,,,,,,,,,,,,,,,,,,,,,,,,,,,,,,,,,,,,,,,,,,,,,,,,,,,,,,,,,,,,,,,,,,,,,,,,,,,,,,,,,,,,,,,,,,,,,,,,,,,,,,,,42,34,8,7,0,0,0,0,931.9361533487,37,29,8,7,0,0,0,0,5449.9215039666,49,38,11,10,0,0,0,0,5587.9036347924,58,45,13,9,0,1,0,1,580.3132725339,68,38,30,8,1,1,1,3,5317.4625471598,63,,,9,,,,,1026.8177769031
Slovenia,SI,SVN,705,46,15,2058152,45279487179.8345,20140,15328.06,,,,,,,,,,,,,,,,,,,,,,,,,,,,,,,,,,,,,,,,,,,,,,,,,,,,,,,,,,,,,,,,,,,,,,,,,,,,,,,,,,,,,,,,,,,,,,,,,,,,,,,,,,,,,,,,,,,,,,,,,,,,,,,,,,,,,,,,27,20,7,6,0,0,0,0,414.9287963621,22,17,5,3,0,0,3,3,1062.0188653952,34,21,13,8,0,0,0,0,5728.9958131667,40,24,16,8,0,0,1,1,5610.662449006,36,23,13,9,0,0,0,0,350.2673473218,47,30,17,10,0,2,1,3,5394.2351437546,75,,,11,,,,,1219.2122260593
South Africa,ZA,ZAF,710,-29,24,51189306.614892,384300000000,1213090,460124.159,,,,,,,,,,,,,,,,,,,,,,,,,,,,,,,,,,,,,,,,,,,,,,,,,,,,,,,,,,,,,,,,4,1,3,1,0,0,0,0,10296.3436712711,,,,,,,,,,,,,,,,,,,,,,,,,,,,,,,,,,,,,,,,,,,,,,,,,,,,,,,,,,,,,,,,,,,,,,,,,2,1,1,2,0,0,0,0,6277.5907339107,2,1,1,2,0,0,0,0,8657.1820567779,1,1,0,1,0,0,0,0,9843.5397711973,3,3,0,3,0,0,0,0,5289.2151839218,2,2,0,2,0,0,0,0,10221.0140872835,1,1,0,1,,,,,5116.0038811631
South Korea,KR,KOR,410,37,127.5,50004000,1129598273324.48,97100,567567.259,,,,,,,,,,,,,,,,,,,,,,,,,,,,,,,,,,,,,3,3,0,1,0,0,0,0,5499.8827893701,19,18,1,6,0,0,2,2,4843.9090240716,4,4,0,1,0,0,0,0,5418.6439386655,7,5,2,3,0,0,0,0,5641.4501983253,7,5,2,3,0,0,0,0,5410.266261692,8,5,3,4,0,0,0,0,5702.8412259389,5,1,4,2,0,0,0,0,843.0366721274,3,1,2,2,0,0,0,0,5410.266261692,10,6,4,4,0,0,0,0,6665.6179758781,15,11,4,5,0,0,0,0,5310.7089645441,22,18,4,5,0,0,0,0,5306.8077419679,23,19,4,6,2,1,1,4,5656.5294458032,21,11,10,5,4,1,1,6,4799.0019351286,37,26,11,8,3,1,2,6,591.4946720283,46,31,15,9,2,2,0,4,5885.9874147254,40,26,14,9,6,3,2,11,5593.3812711893,45,27,18,12,6,6,2,14,5086.4532406803,66,,,13,,,,,4429.0957271859
Soviet Union,SU,SUN,810,55.75,37.6167,293000000,2200000000000,,,,,,,,,,,,,,,,,,,,,,,,,,,,,,,,,,,,,,,,,,,,,,,,,,,,,,,,,53,47,6,6,7,3,6,16,1265.1729042577,62,48,14,8,7,5,9,21,5752.6921915578,69,53,16,8,11,8,6,25,1261.3748598893,74,54,20,8,5,5,3,13,1562.2711846058,76,55,21,9,8,5,3,16,4298.0771793386,79,59,20,9,13,6,8,27,1261.3748598893,86,63,23,9,10,6,6,22,4466.4379111427,99,74,25,10,6,10,9,25,1182.3035342571,101,78,23,10,11,9,9,29,4884.0847404317,,,,,,,,,,,,,,,,,,,,,,,,,,,,,,,,,,,,,,,,,,,,,,,,,,,,,,,,,,,,,,,
Spain,ES,ESP,724,40,-4,46217961,1322964772435.07,498800,269674.847,,,,,,,,,,,,,,,,,,,,,,,,,,,,6,4,2,2,0,0,0,0,911.9205677378,6,6,0,1,0,0,0,0,827.111928189,4,4,0,1,0,0,0,0,1519.1621443176,6,6,0,1,0,0,0,0,926.7835816264,4,3,1,1,0,0,0,0,5651.8573479273,6,6,0,1,0,0,0,0,916.6122247972,20,20,0,3,0,0,0,0,610.8538975168,3,2,1,1,1,0,0,1,6306.9187387102,4,4,0,1,0,0,0,0,916.6122247972,8,5,3,3,0,0,0,0,3488.9809158513,12,10,2,4,0,0,0,0,1176.3886800808,12,7,5,4,0,0,0,0,4870.254846083,17,13,4,4,0,0,1,1,656.0776151345,13,8,5,4,0,0,0,0,1584.0774233533,12,7,5,4,0,0,0,0,6626.9487566157,7,4,3,3,0,0,0,0,5256.2852065387,16,7,9,5,0,0,0,0,723.679318423,18,10,8,7,0,0,0,0,5246.5443967279,20,,,7,,,,,2240.9413928878
Swaziland,SZ,SWZ,748,-26.5,31.5,1230985,3744472287.07088,17200,1023.093,,,,,,,,,,,,,,,,,,,,,,,,,,,,,,,,,,,,,,,,,,,,,,,,,,,,,,,,,,,,,,,,,,,,,,,,,,,,,,,,,,,,,,,,,,,,,,,,,,,,,,,,,,,,,,,,,,,,,,,,,,,,,,,,,,,,,,,,1,1,0,1,0,0,0,0,5233.3093283346,,,,,,,,,,,,,,,,,,,,,,,,,,,,,,,,,,,,,,,,,,,,,,,,,,,,,,
Sweden,SE,SWE,752,62,15,9516617,523805608856.089,410340,52515.107,31,31,0,7,1,1,0,2,1157.4590289903,24,24,0,6,2,2,1,5,1090.8461450409,12,11,1,5,1,2,0,3,3560.6156836605,32,31,1,7,2,2,3,7,1014.0739627019,43,42,1,6,4,3,3,10,1090.8461450409,65,56,9,8,0,0,4,4,200.9394917553,58,50,8,8,2,4,4,10,1075.2382000943,47,41,6,6,3,2,2,7,5017.4172354767,57,49,8,8,3,3,1,7,1028.385300924,68,59,9,9,3,2,3,8,1219.3305740144,58,49,9,9,1,1,2,4,4593.4953916435,39,30,9,7,0,0,2,2,1028.385300924,61,49,12,9,3,0,1,4,3560.6156836605,60,51,9,8,4,2,2,8,1262.2836956332,67,54,13,9,4,0,2,6,4144.9031963321,73,56,17,9,1,0,3,4,1179.4122588528,84,64,20,10,2,1,0,3,161.8939374451,99,53,46,10,0,2,1,3,4928.9850027921,102,56,46,11,0,2,5,7,4750.9251618088,106,63,43,9,7,2,5,14,1138.9837814163,101,57,44,9,5,2,4,11,4413.7934933905,112,,,9,,,,,1618.9247203553
Switzerland,CH,CHE,756,47,8,7997152,631173029582,40000,,30,30,0,7,2,0,1,3,91.8666448471,41,40,1,7,0,0,1,1,93.4641458061,7,7,0,3,0,1,0,1,3777.319997053,34,30,4,7,1,2,0,3,148.7510332378,70,59,11,9,3,4,3,10,93.4641458061,55,46,9,7,0,0,2,2,902.1909285324,59,51,8,7,3,2,1,6,198.3441915874,21,14,7,4,2,0,0,2,5686.4841305186,72,60,12,10,0,0,0,0,160.1697838052,34,29,5,7,0,2,4,6,165.5356968524,151,122,29,17,0,3,0,3,5595.9164638144,59,52,7,9,1,3,1,5,160.1697838052,44,33,11,9,1,1,3,5,3777.319997053,42,29,13,8,2,2,1,5,547.170713988,70,56,14,7,5,5,5,1,4842.9284233017,74,57,17,8,1,0,2,3,119.3674178673,59,41,18,10,3,4,2,9,981.6448495938,69,50,19,12,2,2,3,7,5891.7262302238,110,80,30,13,3,2,6,11,5343.3938700378,125,77,48,13,5,4,5,14,66.0798617878,134,78,56,14,6,0,3,9,5174.3618599347,168,,,12,,,,,1549.7467513992
Tajikistan,TJ,TJK,762,39,71,8008990,6972163026.4985,139960,2860.26,,,,,,,,,,,,,,,,,,,,,,,,,,,,,,,,,,,,,,,,,,,,,,,,,,,,,,,,,,,,,,,,,,,,,,,,,,,,,,,,,,,,,,,,,,,,,,,,,,,,,,,,,,,,,,,,,,,,,,,,,,,,,,,,,,,,,,,,,,,,,,,,,,,,,,,,,,,,,,,,,,,1,1,0,1,0,0,0,0,6927.5324553691,1,1,0,1,0,0,0,0,3175.587022767,1,1,0,1,0,0,0,0,6282.3512521058,1,1,0,1,,,,,1645.2098226686
Thailand,TH,THA,764,15,100,66785001,365965815820.015,510890,295281.508,,,,,,,,,,,,,,,,,,,,,,,,,,,,,,,,,,,,,,,,,,,,,,,,,,,,,,,,,,,,,,,,,,,,,,,,,,,,,,,,,,,,,,,,,,,,,,,,,,,,,,,,,,,,,,,,,,,,,,,,,,,,,,,,,,,,,,,,,,,,,,,,,,,,,,,,,,,,,,,,,,,1,1,0,1,0,0,0,0,8081.4447810277,1,1,0,1,0,0,0,0,5587.4648325292,,,,,,,,,,2,1,1,1,,,,,4031.1765381541
Timor-Leste,TL,TLS,626,-8.55,125.5167,1210233,1293000000,14870,183.35,,,,,,,,,,,,,,,,,,,,,,,,,,,,,,,,,,,,,,,,,,,,,,,,,,,,,,,,,,,,,,,,,,,,,,,,,,,,,,,,,,,,,,,,,,,,,,,,,,,,,,,,,,,,,,,,,,,,,,,,,,,,,,,,,,,,,,,,,,,,,,,,,,,,,,,,,,,,,,,,,,,,,,,,,,,,,,,,,,,,,,,,,,,,,,1,1,0,1,,,,,6420.0349634622
Togo,TG,TGO,768,8,1.1667,6642928,3813834650,54390,1540.14,,,,,,,,,,,,,,,,,,,,,,,,,,,,,,,,,,,,,,,,,,,,,,,,,,,,,,,,,,,,,,,,,,,,,,,,,,,,,,,,,,,,,,,,,,,,,,,,,,,,,,,,,,,,,,,,,,,,,,,,,,,,,,,,,,,,,,,,,,,,,,,,,,,,,,,,,,,,,,,,,,,,,,,,,,,,,,,,,,,,,,,,,,,,,,2,0,2,2,,,,,3383.0916504892
Tonga,TO,TON,776,-20,-175,104941,471575497.307237,720,157.681,,,,,,,,,,,,,,,,,,,,,,,,,,,,,,,,,,,,,,,,,,,,,,,,,,,,,,,,,,,,,,,,,,,,,,,,,,,,,,,,,,,,,,,,,,,,,,,,,,,,,,,,,,,,,,,,,,,,,,,,,,,,,,,,,,,,,,,,,,,,,,,,,,,,,,,,,,,,,,,,,,,,,,,,,,,,,,,,,,,,,,,,,,,,,,1,1,0,1,,,,,9863.8619891735
Trinidad and Tobago ,TT,TTO,780,11,-61,1337439,23320256742.6171,5130,50681.607,,,,,,,,,,,,,,,,,,,,,,,,,,,,,,,,,,,,,,,,,,,,,,,,,,,,,,,,,,,,,,,,,,,,,,,,,,,,,,,,,,,,,,,,,,,,,,,,,,,,,,,,,,,,,,,,,,,,,,,,,,,,,,,,,,,,,,,,,,,,,,,,,2,2,0,1,0,0,0,0,4940.0196006524,2,2,0,1,0,0,0,0,8922.2314566138,3,3,0,1,0,0,0,0,3704.0175397068,,,,,,,,,,,,,,,,,,,,,,,,,,,
Turkey,TR,TUR,792,39,35,73997128,789257487307.029,769630,298002.422,,,,,,,,,,,,,,,,,,,,,,,,,,,,6,6,0,2,0,0,0,0,1332.6567651392,4,4,0,1,0,0,0,0,1371.3534891453,51,51,0,4,2,0,1,3,1790.5648163721,4,4,0,1,0,0,0,0,1266.0327241406,2,2,0,1,0,0,0,0,6816.0384804895,5,5,0,1,0,0,0,0,1314.4616039624,11,11,0,2,0,0,0,0,1552.1666955143,,,,,,,,,,9,9,0,2,0,0,0,0,1314.4616039624,,,,,,,,,,7,7,0,2,0,0,0,0,923.5280268055,8,8,0,2,0,0,0,0,5942.9960288452,8,8,0,2,0,0,0,0,1523.5675717052,1,1,0,1,0,0,0,0,1854.7054665501,1,1,0,1,0,0,0,0,5289.3133788699,3,2,1,2,0,0,0,0,6548.3177155071,6,3,3,3,0,0,0,0,1465.3651963243,5,2,3,3,0,0,0,0,6197.8831893242,6,,,3,,,,,400.5983740198
Ukraine,UA,UKR,804,49,32,45593300,176308825694.203,579320,304804.707,,,,,,,,,,,,,,,,,,,,,,,,,,,,,,,,,,,,,,,,,,,,,,,,,,,,,,,,,,,,,,,,,,,,,,,,,,,,,,,,,,,,,,,,,,,,,,,,,,,,,,,,,,,,,,,,,,,,,,,,,,,,,,,,,,,,,,,,,,,,,,,,,37,20,17,10,1,0,1,2,1186.1685540347,56,30,26,10,0,1,0,1,5000.0958134775,68,46,22,11,0,0,0,0,5860.3673355976,52,30,22,9,0,0,2,2,1147.0569110892,45,24,21,9,0,0,0,0,5491.7407466718,41,,,9,,,,,524.9654672053
Unified Team,,,,55.75,37.6167,293000000,,,,,,,,,,,,,,,,,,,,,,,,,,,,,,,,,,,,,,,,,,,,,,,,,,,,,,,,,,,,,,,,,,,,,,,,,,,,,,,,,,,,,,,,,,,,,,,,,,,,,,,,,,,,,,,,,,,,,,,,,,,,,,,,,,,,,,,,,,,129,86,43,12,9,6,8,23,1343.3361872322,,,,,,,,,,,,,,,,,,,,,,,,,,,,,,,,,,,,,,,,,,,,,,,,,,,,,,
United States,US,USA,840,38,-97,313914040,16244600000000,9147420,5433056.536,24,22,2,6,1,2,1,4,4969.7204911163,24,21,3,7,2,2,2,6,5058.5464120865,65,58,6,8,6,4,2,12,1269.3777399145,55,46,9,8,1,0,3,4,5062.0150847664,69,59,10,9,3,4,2,9,5058.5464120865,66,56,10,8,4,6,1,11,4537.2418928738,67,57,10,8,2,3,2,7,5142.513769239,79,61,18,8,3,4,3,10,1256.2472674025,90,71,19,10,1,2,4,7,5083.0545717091,96,75,21,10,1,5,1,7,4954.373065401,103,77,26,10,3,2,3,8,5752.1441677856,106,76,30,10,3,3,4,10,5083.0545717091,101,76,25,10,6,4,2,12,1269.3777399145,107,77,30,10,4,4,0,8,5492.4651051188,118,86,31,11,2,1,3,6,1227.5816201141,147,97,50,12,5,4,2,11,4961.295817772,147,95,52,12,6,5,2,13,4482.481198509,186,105,81,14,6,3,4,13,6196.9118931828,202,115,87,15,10,13,11,34,816.6681678194,204,117,87,15,9,9,7,25,4995.8041677643,212,120,92,15,9,15,13,37,1508.7225254897,224,,,15,,,,,6186.6299232618
Uruguay,UY,URY,858,-33,-56,3395253,49919727146.4227,175020,6644.604,,,,,,,,,,,,,,,,,,,,,,,,,,,,,,,,,,,,,,,,,,,,,,,,,,,,,,,,,,,,,,,,,,,,,,,,,,,,,,,,,,,,,,,,,,,,,,,,,,,,,,,,,,,,,,,,,,,,,,,,,,,,,,,,,,,,,,,,,,,,,,,,,,,,,,,,,,1,1,0,1,0,0,0,0,11601.5334440487,,,,,,,,,,,,,,,,,,,,,,,,,,,,,,,,,,,,
Uzbekistan,UZ,UZB,860,41,64,29776850,51112745668.7163,425400,104443.494,,,,,,,,,,,,,,,,,,,,,,,,,,,,,,,,,,,,,,,,,,,,,,,,,,,,,,,,,,,,,,,,,,,,,,,,,,,,,,,,,,,,,,,,,,,,,,,,,,,,,,,,,,,,,,,,,,,,,,,,,,,,,,,,,,,,,,,,,,,,,,,,,7,3,4,2,1,0,0,1,2608.2236200243,4,2,2,3,0,0,0,0,3884.0984293525,6,3,3,2,0,0,0,0,6786.3637745491,4,2,2,2,0,0,0,0,2784.0417726999,3,1,2,2,0,0,0,0,6189.6776531815,3,2,1,2,,,,,1249.8606127248
Venezuela,VE,VEN,862,8,-66,29954782,381286237847.667,882050,201747.339,,,,,,,,,,,,,,,,,,,,,,,,,,,,,,,,,,,,,,,,,,,,,,,,,,,,,,,,,,,,,,,,,,,,,,,,,,,,,,,,,,,,,,,,,,,,,,,,,,,,,,,,,,,,,,,,,,,,,,,,,,,,,,,,,,,,,,,,,,,,,,,,,,,,,,,,,,,,,,,,,,,,,,,,,,,,,,,,,,,,,,,,,,,,,,1,1,0,1,,,,,6612.3007576549
West Germany,DE,DEU,280,51,9,63250000,,,,,,,,,,,,,,,,,,,,,,,,,,,,,,,,,,,,,,,,,,,,,,,,,,,,,,,,,,,,,,,,,,,,,,,,,,,,,,,,,,,,,87,67,20,10,2,2,3,7,428.4625502438,78,62,16,10,3,1,1,5,5339.4369065139,71,56,15,10,2,5,3,10,279.6640574262,80,61,19,10,0,2,3,5,3684.6442041517,84,69,15,10,2,1,1,4,659.277422587,90,71,19,10,2,4,2,8,4641.35350663,,,,,,,,,,,,,,,,,,,,,,,,,,,,,,,,,,,,,,,,,,,,,,,,,,,,,,,,,,,,,,,
Virgin Islands,VI,VIR,850,18.3333,-64.8333,105275,1996000000,350,,,,,,,,,,,,,,,,,,,,,,,,,,,,,,,,,,,,,,,,,,,,,,,,,,,,,,,,,,,,,,,,,,,,,,,,,,,,,,,,,,,,,,,,,,,,,,,,,,,,,,,,,,,,,,,,,,,,,,,,,,,,,,,,,,,,,,,,,,,,,,,,,,,,,,,,,,,1,0,1,1,0,0,0,0,8357.5261730994,4,3,1,1,0,0,0,0,3176.5785932,1,1,0,1,0,0,0,0,4486.698979231,,,,,,,,,,1,0,1,1,,,,,6047.2758486008
Yugoslavia,YU,YUG,891,44.8206,20.4622,23720000,120100000,,,4,4,0,1,0,0,0,0,663.693685263,6,6,0,1,0,0,0,0,526.0792005721,,,,,,,,,,17,17,0,4,0,0,0,0,485.3988377637,17,17,0,4,0,0,0,0,526.0792005721,6,4,2,3,0,0,0,0,1120.5943799296,17,12,5,3,0,0,0,0,419.1396232636,,,,,,,,,,31,29,2,4,0,0,0,0,466.9742846725,30,29,1,4,0,0,0,0,719.8974602305,26,26,0,4,0,0,0,0,5362.344081555,28,27,1,4,0,0,0,0,466.9742846725,15,11,4,5,0,0,0,0,4360.6255147865,72,59,13,10,0,1,0,1,123.9598390276,22,16,6,7,0,2,1,3,5280.3115742874,25,22,3,6,0,0,0,0,686.4143129798,,,,,,,,,,,,,,,,,,,,,,,,,,,,,,,,,,,,,,,,,,,,,,,,,,,,,,3881.1737433615
Zimbabwe,ZW,ZWE,716,-20,30,13724317,9802360203.02197,386850,9427.857,,,,,,,,,,,,,,,,,,,,,,,,,,,,,,,,,,,,,,,,,,,,,,,,,,,,,,,,,,,,,,,,,,,,,,,,,,,,,,,,,,,,,,,,,,,,,,,,,,,,,,,,,,,,,,,,,,,,,,,,,,,,,,,,,,,,,,,,,,,,,,,,,,,,,,,,,,,,,,,,,,,,,,,,,,,,,,,,,,,,,,,,,,,,,,1,1,0,1,,,,,4438.9128792068
